component_group,specific_component,photo_count,video_count,date_range,stage_counts,example_files,model_groups,model_part_count,model_part_examples,model_confidence_mix,digital_twin_readiness,measurement_priority,job_status,job_action,reconciliation_status
chassis_underside,frame_floor_underside_and_lines,58,2,2026-03-31 to 2026-05-14,underside_inspection:55|brake_system:3,20260331_030439_gp_Hm0ga9nQ.jpg|20260331_224409.jpg|20260331_224411_gp_xotdHr5w.jpg|20260331_224415.jpg|20260331_224416_gp_HZ3sjkkA.jpg|20260331_224423.jpg|20260331_224424_gp_whE84rpw.jpg|20260331_224428.jpg,chassis,12,left_frame_rail|left_front_frame_horn_side_web|left_front_frame_horn_top_plate|left_rear_frame_horn_side_web|left_rear_frame_horn_top_plate|right_frame_rail|right_front_frame_horn_side_web|right_front_frame_horn_top_plate,L2 bracket reference:9|L0 envelope:2|L2 service datum:1,represented_needs_measurement_refinement,P1,,,
body_exterior,wing_removal_and_body_lift_prep,35,5,2026-04-19 to 2026-04-21,stripdown_cataloguing:35,20260419_190643_gp_UM5SilTQ.jpg|20260419_190654_gp_1EaxkrUA.jpg|20260419_190707_gp_WCc87lEg.jpg|20260419_190736_gp_ymvXBmNA.jpg|20260419_190741_gp_C3FddI9g.jpg|20260419_190749_gp_AtrQSXHA.jpg|20260419_190806_gp_9yVHtwgA.jpg|20260419_195946_gp_9VNxVqNA.jpg,body,12,left_door_hinge_pin_cap_1|left_door_hinge_pin_cap_2|left_door_hinge_pin_cap_3|left_door_hinge_pin_cap_4|left_front_fender|left_front_fender_sloped_outer_skin|right_door_hinge_pin_cap_1|right_door_hinge_pin_cap_2,L3 exterior material reference:8|L0 envelope:2|L4 gallery-shaped surface:2,represented_needs_measurement_refinement,P1,,,
body_floor,floor_pan_rust_zones,35,0,2026-04-13 to 2026-05-17,rust_assessment:35,20260413_005435.jpg|20260413_005437_gp_84WzM92A.jpg|20260413_005516.jpg|20260413_005520_gp_cPf1PDAg.jpg|20260413_005523.jpg|20260413_005526_gp_ZYnYrDDg.jpg|20260413_005529.jpg|20260413_005531_gp_5VurJvdg.jpg,body,12,floor_pan|floor_cross_pressing_1|floor_cross_pressing_2|floor_cross_pressing_3|floor_cross_pressing_4|floor_cross_pressing_5|floor_cross_pressing_6|rear_floor_longitudinal_rib_1,L2 panel rib reference:11|L0 envelope:1,represented_needs_measurement_refinement,P1,,,
engine_bay,engine_interior_and_stripdown_detail,32,0,2026-04-20,stripdown_cataloguing:32,20260420_005132_gp_MgOMVKpQ.jpeg|20260420_005143_gp_5JtjMOoA.jpeg|20260420_005201_gp_WEoLBuzQ.jpeg|20260420_005240_gp_2gDmDYfQ.jpeg|20260420_010535_gp_r3KU0Asw.jpg|20260420_013423_gp_albazLaw.jpeg|20260420_013526_gp_WY73IuyA.jpeg|20260420_013551_gp_Wytz9EgQ.jpeg,engine_bay,12,air_filter|alternator_body|battery_case|battery_negative_terminal|battery_positive_terminal|battery_tray_reference|brake_booster|brake_booster_firewall_bracket,L2 service datum:6|L2 visible-detail primitive:3|L0 envelope:2|L2 routing reference:1,represented_needs_measurement_refinement,P1,,,
engine_bay,cooling_pipe_fabrication_samples,29,0,2026-05-02 to 2026-05-29,fabrication_measurement:23|mechanical_baseline:6,20260502_004044_gp_Hx4Yo0Qg.jpg|20260502_004106_gp_wlYlUahA.jpg|20260502_004120_gp_7Jw9Zyrg.jpg|20260502_004133_gp_ZEpqmARA.jpg|20260502_004139_gp_jt1dGw4A.jpg|20260502_004145_gp_e8soxsyA.jpg|20260528_194853_gp_SiEb7xTg.jpg|20260528_235330_gp_8pOmnEbg.jpg,engine_bay,12,cooling_fan_blade_1|cooling_fan_blade_2|cooling_fan_blade_3|cooling_fan_blade_4|cooling_fan_blade_5|cooling_fan_blade_6|cooling_fan_hub|exhaust_downpipe_reference,L2 visible-detail primitive:8|L2 service datum:2|L1 visible-detail primitive:1|L0 envelope:1,measurement_photo_available_needs_cad_datum,P1,,,
engine_bay,engine_powertrain_cleaning_baseline,19,0,2026-05-01 to 2026-05-12,mechanical_cleaning:14|mechanical_baseline:5,20260501_194330_gp_CogcrEXA.jpg|20260501_194338_gp_81Nj4SVA.jpg|20260501_194344_gp_V7P0qatA.jpg|20260501_194402_gp_W9J4rcsw.jpg|20260501_194414_gp_gdDllc8Q.jpg|20260501_194421_gp_toAeFYqg.jpg|20260501_194427_gp_QjfOBtTQ.jpg|20260501_194435_gp_ewUJAfPA.jpg,engine_bay,12,air_filter|alternator_body|battery_case|battery_negative_terminal|battery_positive_terminal|battery_tray_reference|brake_booster|brake_booster_firewall_bracket,L2 service datum:6|L2 visible-detail primitive:3|L0 envelope:2|L2 routing reference:1,represented_needs_measurement_refinement,P1,,,
interior_cabin,dashboard_and_cabin_stripdown,19,0,2026-03-23,stripdown_cataloguing:19,20260323_180218.jpg|20260323_180220_gp_R3uBBhUw.jpg|20260323_180314.jpg|20260323_180316_gp_65cSGRyQ.jpg|20260323_185922_gp_XWQyq7dw.jpg|20260323_185947.jpg|20260323_185949_gp_bRW3C2Ng.jpg|20260323_190006_gp_xzDpzXmg.jpg,interior,12,dashboard_glovebox_door|dashboard|dashboard_gauge_1|dashboard_gauge_2|dashboard_gauge_3|dashboard_gauge_4|accelerator_linkage_pivot|accelerator_pedal_arm,L2 visible-detail primitive:5|L1 visible-detail primitive:4|L2 service datum:2|L0 envelope:1,represented_needs_measurement_refinement,P1,,,
body_floor,body_off_shell_floor_and_bulkhead,16,0,2026-04-22,rust_assessment:16,20260422_004449_gp_ZzlGoYsQ.jpg|20260422_004449_gp_ZzlGoYsQ_2.jpg|20260422_004513_gp_bgO24J2g.jpg|20260422_004513_gp_bgO24J2g_2.jpg|20260422_004523_gp_p13iAnmw.jpg|20260422_004523_gp_p13iAnmw_2.jpg|20260422_004536_gp_AAvm6QRQ.jpg|20260422_004536_gp_AAvm6QRQ_2.jpg,body,12,floor_cross_pressing_1|floor_cross_pressing_2|floor_cross_pressing_3|floor_cross_pressing_4|floor_cross_pressing_5|floor_cross_pressing_6|floor_pan|rear_floor_longitudinal_rib_1,L2 panel rib reference:11|L0 envelope:1,represented_needs_measurement_refinement,P1,,,
engine_bay,engine_bay_overview,15,0,2026-03-17 to 2026-04-23,stripdown_cataloguing:10|baseline_walkaround:5,20260317_235150.jpg|20260317_235152_gp_yJFNNGlA.jpg|20260317_235201.jpg|20260317_235204_gp_14hUn3XA.jpg|20260317_235216.jpg|20260317_235219_gp_rjDgGWZw.jpg|20260317_235229.jpg|20260317_235232_gp_3Ojs4Rag.jpg,engine_bay,12,air_filter|alternator_body|battery_case|battery_negative_terminal|battery_positive_terminal|battery_tray_reference|brake_booster|brake_booster_firewall_bracket,L2 service datum:6|L2 visible-detail primitive:3|L0 envelope:2|L2 routing reference:1,represented_needs_measurement_refinement,P1,,,
removable_panels,detached_body_panels_and_doors,15,0,2026-04-08 to 2026-04-23,hardware_refinish:11|removed_parts_cataloguing:4,20260408_211754.jpg|20260408_211756_gp_UFEU6uIA.jpg|20260408_211804.jpg|20260408_211806_gp_TbbCJsoQ.jpg|20260408_211812.jpg|20260408_211814_gp_hJ3szRKQ.jpg|20260408_212835_gp_nwY1TOwQ.jpg|20260408_212839.jpg,body,12,left_rear_tub_top_flange|right_rear_tub_top_flange|cowl_top|firewall|floor_cross_pressing_1|floor_cross_pressing_2|floor_cross_pressing_3|floor_cross_pressing_4,L2 panel rib reference:6|L0 envelope:3|L4 online-reference detail:2|L3 exterior material reference:1,represented_needs_measurement_refinement,P1,,,
chassis_underside,front_frame_horns_bumper_and_steering_area,14,0,2026-05-01 to 2026-05-12,chassis_fixing:13|steering_brakes_suspension:1,20260501_193841_gp_ZwpHFiMA.jpg|20260501_193847_gp_uHWO7Bdw.jpg|20260501_193856_gp_M78kWBlQ.jpg|20260501_193904_gp_GgWYRulA.jpg|20260501_193915_gp_lII00tCA.jpg|20260501_193924_gp_KK717O7g.jpg|20260501_193935_gp_FPwZZHZA.jpg|20260501_193944_gp_smzZc4nw.jpg,chassis,12,right_hand_drive_steering_box|steering_box_right_frame_mount_plate|front_bumper|front_bumper_swept_main_face|front_left_tow_ring|front_right_tow_ring|left_frame_rail|left_front_bumper_stay_bolt_1,L4 service-reference detail:4|L0 envelope:2|L4 gallery-shaped surface:2|L1 visible-detail primitive:2|L2 service datum:1|L2 bracket reference:1,represented_needs_measurement_refinement,P1,,,
electrical_system,firewall_and_dash_wiring,10,0,2026-03-20,electrical_rework:10,20260320_191834.jpg|20260320_191837_gp_tmpBN7rA.jpg|20260320_191846.jpg|20260320_191848_gp_1zuoDRhw.jpg|20260320_192143.jpg|20260320_192145_gp_VGtn7lYA.jpg|20260320_192148.jpg|20260320_192151_gp_1q5neNiA.jpg,body|engine_bay|interior,12,firewall|brake_booster_firewall_bracket|clutch_hydraulic_line_firewall_run|rhd_firewall_pedal_box_outer_plate|steering_column_lower_firewall_shaft|dash_ammeter_chrome_bezel|dash_ammeter_dark_face|dash_fuel_chrome_bezel,L4 online-reference detail:6|L2 service datum:2|L2 routing reference:2|L0 envelope:1|L2 visible-detail primitive:1,represented_needs_measurement_refinement,P1,,,
chassis_underside,rear_mid_frame_rail_and_hard_line_detail,9,0,2026-05-01,chassis_fixing:9,20260501_194026_gp_gjPjhxdA.jpg|20260501_194041_gp_6zRIFJUw.jpg|20260501_194056_gp_p1erpz8w.jpg|20260501_194101_gp_3xKjQSsQ.jpg|20260501_194106_gp_e4CETkdg.jpg|20260501_194137_gp_S1qvWECw.jpg|20260501_194144_gp_P5PojIhw.jpg|20260501_194151_gp_NqgqjDEQ.jpg,brake_system|chassis|fuel_system,12,front_hard_line_right_frame_run|rear_hard_line_right_frame_run|left_frame_rail|right_frame_rail|right_hand_drive_steering_box|steering_box_right_frame_mount_plate|fuel_line_frame_run|rear_axle_brake_line,L2 bracket reference:5|L2 routing reference:4|L0 envelope:2|L2 service datum:1,represented_needs_measurement_refinement,P1,,,
engine_bay,engine_radiator_condition_closeups,8,0,2026-05-29,mechanical_baseline:8,20260529_230003_gp_rliSbRjA.jpg|20260529_230009_gp_BLX8dSWA.jpg|20260529_230017_gp_L23OD4nw.jpg|20260529_230022_gp_BLo8HLwg.jpg|20260529_230035_gp_5oB8otKw.jpg|20260529_230040_gp_B5P2K9FA.jpg|20260529_230044_gp_I9psm6Dw.jpg|20260529_230050_gp_ZqjySFHg.jpg,engine_bay,12,radiator|radiator_bottom_tank|radiator_cap|radiator_top_tank|upper_radiator_hose|air_filter|alternator_body|battery_case,L2 visible-detail primitive:4|L2 service datum:4|L0 envelope:3|L1 visible-detail primitive:1,represented_needs_measurement_refinement,P1,,,
chassis_underside,front_frame_horns_bumper_and_radiator_support,7,0,2026-04-22 to 2026-05-12,underside_inspection:6|chassis_fixing:1,20260422_004423_gp_B1N5ThVw.jpg|20260422_004423_gp_B1N5ThVw_2.jpg|20260422_004429_gp_4emWbTrA.jpg|20260422_004429_gp_4emWbTrA_2.jpg|20260422_004436_gp_yjCPMWTg.jpg|20260422_004436_gp_yjCPMWTg_2.jpg|20260512_073303_gp_hNyAiN1g.jpg,chassis,12,front_bumper|front_bumper_swept_main_face|front_left_tow_ring|front_right_tow_ring|left_frame_rail|left_front_bumper_stay_bolt_1|left_front_bumper_stay_bolt_2|left_front_bumper_stay_inner_plate,L4 service-reference detail:4|L0 envelope:2|L4 gallery-shaped surface:2|L1 visible-detail primitive:2|L2 bracket reference:2,represented_needs_measurement_refinement,P1,,,
engine_bay,brake_booster_servo_removed_sample,7,0,2026-05-29,brake_system:7,20260529_021217_gp_YAKcHCyQ.jpg|20260529_021225_gp_AzCLYJgQ.jpg|20260529_021239_gp_RiMXwHXA.jpg|20260529_021243_gp_utTmUzJw.jpg|20260529_030646_gp_SAs7gfRg.jpg|20260529_030653_gp_7dCQk4QA.jpg|20260529_030700_gp_8qu2Rliw.jpg,engine_bay,12,brake_booster|brake_booster_firewall_bracket|brake_booster_vacuum_hose|brake_master_reservoir|brake_master_reservoir_cap|master_cylinder|air_filter|alternator_body,L2 service datum:7|L2 visible-detail primitive:2|L0 envelope:2|L2 routing reference:1,represented_needs_measurement_refinement,P1,,,
engine_bay,replacement_pipe_hose_sample_sorting,7,0,2026-05-02,mechanical_baseline:7,20260502_005740_gp_Qiat03EQ.jpg|20260502_160754_gp_Zd9UeENg.jpg|20260502_160855_gp_w3sghS8Q.jpg|20260502_160929_gp_exms2QzQ.jpg|20260502_160950_gp_5KW8RnDQ.jpg|20260502_161055_gp_lS8VRrWg.jpg|20260502_161214_gp_zc3zwXlg.jpg,engine_bay,12,brake_booster_vacuum_hose|exhaust_downpipe_reference|upper_radiator_hose|air_filter|alternator_body|battery_case|battery_negative_terminal|battery_positive_terminal,L2 service datum:6|L1 visible-detail primitive:2|L0 envelope:2|L2 routing reference:1|L2 visible-detail primitive:1,represented_needs_measurement_refinement,P1,,,
interior_cabin,floor_pan_and_firewall,7,0,2026-03-21,stripdown_cataloguing:7,20260321_235436.jpg|20260321_235439_gp_K6PYqo5A.jpg|20260321_235441.jpg|20260321_235441_exported_1774186863455.jpg|20260321_235444_gp_wQoX9Mug.jpg|20260321_235444_gp_zOybRRYA.jpg|20260321_235605.jpg,body|interior,12,floor_pan|dashboard_glovebox_door|driver_side_floor_dimmer_switch|left_front_floor_mat|rear_floor_mat|rhd_pedal_box_reinforcement|right_front_floor_mat|steering_column_firewall_boot,L2 visible-detail primitive:6|L2 panel rib reference:3|L0 envelope:2|L2 service datum:1,represented_needs_measurement_refinement,P1,,,
engine_bay,front_support_radiator_measurement_set,6,0,2026-05-12,chassis_fixing:6,20260512_205417_gp_CzJNQsiA.jpg|20260512_205434_gp_QnE3tLvQ.jpg|20260512_212929_gp_pnlr6x5w.jpg|20260512_212947_gp_AdvWGolg.jpg|20260512_213008_gp_1U5vulZw.jpg|20260512_213027_gp_9Cy950Kw.jpg,brake_system|engine_bay,12,radiator|radiator_bottom_tank|radiator_cap|radiator_top_tank|upper_radiator_hose|front_left_vented_disc_rotor|front_right_vented_disc_rotor|air_filter,L2 visible-detail primitive:4|L2 service datum:3|L0 envelope:2|project-photo evidence:2|L1 visible-detail primitive:1,represented_needs_measurement_refinement,P1,,,
engine_bay,front_support_radiator_pickups_context,6,0,2026-05-12 to 2026-05-29,chassis_fixing:6,20260512_073210_gp_zP427O2A.jpg|20260512_100000_user_front_support_radiator_pickups_context.png|20260512_213129_gp_IVnd8hWQ.jpg|20260512_213144_gp_2rlycKHA.jpg|20260512_213214_gp_xZKluAkg.jpg|20260529_214147_gp_4gfuofYQ.jpg,engine_bay,12,radiator|radiator_bottom_tank|radiator_cap|radiator_top_tank|upper_radiator_hose|air_filter|alternator_body|battery_case,L2 visible-detail primitive:4|L2 service datum:4|L0 envelope:3|L1 visible-detail primitive:1,represented_needs_measurement_refinement,P1,,,
engine_bay,cooling_hoses_fan_belt_and_radiator_support,5,0,2026-04-30 to 2026-05-12,mechanical_baseline:3|mechanical_inspection:2,20260430_215957_gp_2iBbUagw.jpg|20260430_220004_gp_C9oYiYmA.jpg|20260512_073314_gp_GyAXZWBg.jpg|20260512_073402_gp_P6yrwLRw.jpg|20260512_073547_gp_SNtwIVyA.jpg,engine_bay,12,cooling_fan_blade_1|cooling_fan_blade_2|cooling_fan_blade_3|cooling_fan_blade_4|cooling_fan_blade_5|cooling_fan_blade_6|cooling_fan_hub|fan_belt_lower_run,L2 visible-detail primitive:11|L0 envelope:1,represented_needs_measurement_refinement,P1,,,
chassis_underside,transmission_crossmember_and_driveline_mounts,4,0,2026-04-22,underside_inspection:4,20260422_004319_gp_Ttqz46Sw.jpg|20260422_004319_gp_Ttqz46Sw_2.jpg|20260422_004338_gp_35uwfApA.jpg|20260422_004338_gp_35uwfApA_2.jpg,chassis,12,transfer_case_crossmember|crossmember_1|crossmember_2|crossmember_3|crossmember_4|crossmember_5|left_crossmember_1_gusset_front|left_crossmember_1_gusset_rear,L2 bracket reference:7|L0 envelope:5,represented_needs_measurement_refinement,P1,,,
electrical_system,cabin_engine_firewall_pass_through_holes,4,0,2026-05-17,electrical_refit:4,20260517_194754_gp_vXLV7rzA.jpg|20260517_194806_gp_eou5ctOQ.jpg|20260517_194841_gp_eXh30voQ.jpg|20260517_194911_gp_jCrFS5PA.jpg,body|engine_bay|interior,12,brake_booster_firewall_bracket|clutch_hydraulic_line_firewall_run|rhd_firewall_pedal_box_outer_plate|steering_column_lower_firewall_shaft|steering_column_firewall_boot|firewall|left_inner_fender|right_inner_fender,L2 service datum:4|L0 envelope:4|L2 routing reference:2|L2 visible-detail primitive:2,represented_needs_measurement_refinement,P1,,,
engine_bay,engine_radiator_sample_measurement,4,0,2026-05-29,mechanical_baseline:4,20260529_205200_gp_8G6ZKKEQ.jpg|20260529_205224_gp_aQYpMUyg.jpg|20260529_205232_gp_eHbRrOaw.jpg|20260529_205240_gp_C2r8CMBQ.jpg,engine_bay,12,radiator|radiator_bottom_tank|radiator_cap|radiator_top_tank|upper_radiator_hose|air_filter|alternator_body|battery_case,L2 visible-detail primitive:4|L2 service datum:4|L0 envelope:3|L1 visible-detail primitive:1,represented_needs_measurement_refinement,P1,,,
engine_bay,existing_battery_mount_tray_measurements,4,0,2026-05-17,fabrication_measurement:4,20260517_194431_gp_4XVycxAg.jpg|20260517_194439_gp_K63N2nJw.jpg|20260517_194452_gp_ow8njPsw.jpg|20260517_194511_gp_QI0Ua2yQ.jpg,engine_bay,12,battery_tray_reference|battery_case|battery_negative_terminal|battery_positive_terminal|positive_battery_cable_run|air_filter|alternator_body|brake_booster,L2 service datum:6|L0 envelope:2|L2 routing reference:2|L2 visible-detail primitive:2,measurement_photo_available_needs_cad_datum,P1,,,
body_exterior,body_shell_with_doors_removed,3,0,2026-03-23 to 2026-05-17,rust_assessment:2|removed_parts_cataloguing:1,20260323_201950.jpg|20260517_195511_gp_iFvWFVNw.jpg|20260517_195628_gp_Wog59oFg.jpg,body,12,left_door_hinge_pin_cap_1|left_door_hinge_pin_cap_2|left_door_hinge_pin_cap_3|left_door_hinge_pin_cap_4|left_door_open_reference|right_door_hinge_pin_cap_1|right_door_hinge_pin_cap_2|right_door_hinge_pin_cap_3,L3 exterior material reference:8|L0 envelope:2|visual only:1|L2 panel rib reference:1,represented_needs_measurement_refinement,P1,,,
body_exterior,panel_detail_and_markings,3,1,2026-03-29,baseline_walkaround:3,20260329_051759_gp_xEzrDYhQ.jpg|20260329_051805_gp_oRw8XV8Q.jpg|20260329_095150_gp_3O2NOXyw.mp4,body,12,grille_panel|hood_rear_cowl_gap_shadow|left_door_hinge_pin_cap_1|left_door_hinge_pin_cap_2|left_door_hinge_pin_cap_3|left_door_hinge_pin_cap_4|left_door_outer_skin_lower_pressing|left_door_outer_skin_upper_pressing,L3 exterior material reference:9|L0 envelope:2|L2 panel rib reference:1,represented_needs_measurement_refinement,P1,,,
body_exterior,tub_corner_hinge_pin_repair,3,0,2026-05-17,rust_assessment:3,20260517_195108_gp_elCiXzKw.jpg|20260517_195123_gp_LxOfgsPA.jpg|20260517_195241_gp_RzJdcAZg.jpg,body,12,left_door_hinge_pin_cap_1|left_door_hinge_pin_cap_2|left_door_hinge_pin_cap_3|left_door_hinge_pin_cap_4|right_door_hinge_pin_cap_1|right_door_hinge_pin_cap_2|right_door_hinge_pin_cap_3|right_door_hinge_pin_cap_4,L3 exterior material reference:9|L1 visible-detail primitive:2|L0 envelope:1,represented_needs_measurement_refinement,P1,,,
body_floor,floor_seam_and_body_mount_rust,3,0,2026-04-05 to 2026-05-17,rust_assessment:3,20260405_234652.jpg|20260517_195406_gp_req8G3Bg.jpg|20260517_195430_gp_VGGpRFOQ.jpg,body,12,floor_cross_pressing_1|floor_cross_pressing_2|floor_cross_pressing_3|floor_cross_pressing_4|floor_cross_pressing_5|floor_cross_pressing_6|floor_pan|left_front_clip_to_tub_join_line,L2 panel rib reference:6|L4 service-reference detail:3|L0 envelope:1|L4 online-reference detail:1|L3 exterior material reference:1,represented_needs_measurement_refinement,P1,,,
engine_bay,bellhousing_clutch_linkage_and_gearbox_case,3,0,2026-04-30,mechanical_inspection:3,20260430_215915_gp_ycQ395Gg.jpg|20260430_215939_gp_EjZ7u1ow.jpg|20260430_233755_gp_DO69MLAA.jpg,engine_bay,12,battery_case|clutch_hydraulic_line_firewall_run|clutch_master_cylinder|clutch_master_reservoir_cap|air_filter|alternator_body|battery_negative_terminal|battery_positive_terminal,L2 service datum:7|L2 routing reference:2|L0 envelope:2|L2 visible-detail primitive:1,represented_needs_measurement_refinement,P1,,,
interior_cabin,dashboard_switch_and_control_hardware,3,0,2026-04-21,electrical_rework:3,20260421_192813_gp_0jvYAo8g.jpg|20260421_192813_gp_0jvYAo8g_2.jpg|20260421_194401_gp_1dY3fLdw.jpeg,interior,12,dashboard_glovebox_door|dash_switch_knob_1|dash_switch_knob_2|dash_switch_knob_3|dash_switch_knob_4|dash_switch_knob_5|dashboard|dashboard_gauge_1,L2 visible-detail primitive:7|L1 visible-detail primitive:4|L0 envelope:1,represented_needs_measurement_refinement,P1,,,
windows,front_vent_window_assemblies,3,0,2026-05-03 to 2026-05-17,window_refurbishment_intake:2|removed_parts_cataloguing:1,20260503_234035_front_vent_window_assemblies.png|20260517_193803_gp_1KhFjceQ.jpg|20260517_193837_gp_AERCJIrw.jpg,body,12,left_cowl_vent_screw_front|left_cowl_vent_screw_rear|left_cowl_vent_slot|left_door_window_bottom_frame|left_door_window_front_vertical_frame|left_door_window_glass|left_door_window_rear_vertical_frame|left_door_window_top_frame,L3 exterior material reference:9|L2 visible-detail primitive:2|L0 envelope:1,represented_needs_measurement_refinement,P1,planned_separate_service,"Treat as a windows-workstream sub-job: tag LH/RH assemblies, disassemble only enough to protect glass, clean/rust-treat/refinish metal channels and tabs, service pivots/latches/sliders, assess seals and glass, then bench water-test before refit",direct_photo_evidence
body_exterior,exterior_badge_or_emblem_detail,2,0,2026-03-29,baseline_walkaround:2,20260329_122723.jpg|20260329_122723_gp_aRwFMcGg.jpg,body,12,left_diesel_badge|left_door_hinge_pin_cap_1|left_door_hinge_pin_cap_2|left_door_hinge_pin_cap_3|left_door_hinge_pin_cap_4|right_diesel_badge|right_door_hinge_pin_cap_1|right_door_hinge_pin_cap_2,L3 exterior material reference:8|L2 visible-detail primitive:2|L0 envelope:2,represented_needs_measurement_refinement,P1,,,
body_exterior,fuel_filler_side_panel,2,0,2026-03-14,baseline_walkaround:2,20260314_180058.jpg|20260314_180059_gp_x5fsOjjA.jpg,body,12,left_fuel_filler_outer_ring|left_fuel_or_body_plug_reference|right_fuel_filler_outer_ring|right_fuel_or_body_plug_reference|grille_panel|hood_rear_cowl_gap_shadow|left_door_hinge_pin_cap_1|left_door_hinge_pin_cap_2,L3 exterior material reference:8|L2 visible-detail primitive:2|L0 envelope:1|L2 panel rib reference:1,represented_needs_measurement_refinement,P1,,,
body_exterior,hood_and_front_windshield_overview,2,0,2026-03-17,baseline_walkaround:2,20260317_165030.jpg|20260317_165030_gp_j49pTsog.jpg,body,12,hood_center_raised_rib|hood_closed_reference|hood_crowned_closed_skin|hood_front_lip_shadow|hood_front_rolled_lip_surface|hood_left_hinge_axis|hood_left_outer_rib|hood_lock_receiver_plate,L2 panel rib reference:2|L4 gallery-shaped surface:2|L3 exterior material reference:2|L1 visible-detail primitive:2|L4 online-reference detail:2|L0 envelope:1|L4 service-reference detail:1,represented_needs_measurement_refinement,P1,,,
body_exterior,returned_painted_front_panel_headlamp_surround,2,0,2026-05-23,hardware_refinish:2,20260523_223504_gp_F0FomIPA.jpg|20260523_223518_gp_f6ReoLCg.jpg,body,12,grille_panel|hood_rear_cowl_gap_shadow|left_door_hinge_pin_cap_1|left_door_hinge_pin_cap_2|left_door_hinge_pin_cap_3|left_door_hinge_pin_cap_4|left_door_outer_skin_lower_pressing|left_door_outer_skin_upper_pressing,L3 exterior material reference:9|L0 envelope:2|L2 panel rib reference:1,represented_needs_measurement_refinement,P1,,,
body_floor,rear_cargo_floor,2,0,2026-03-23 to 2026-04-13,stripdown_cataloguing:2,20260323_202016.jpg|20260413_040659.jpg,body,12,floor_cross_pressing_1|floor_cross_pressing_2|floor_cross_pressing_3|floor_cross_pressing_4|floor_cross_pressing_5|floor_cross_pressing_6|floor_pan|rear_floor_longitudinal_rib_1,L2 panel rib reference:11|L0 envelope:1,represented_needs_measurement_refinement,P1,,,
chassis_underside,full_chassis_frame_overview,2,0,2026-04-22,underside_inspection:2,20260422_004241_gp_hASLbowg.jpg|20260422_054711_gp_V1EgU9oQ.jpg,chassis,12,left_frame_rail|left_front_frame_horn_side_web|left_front_frame_horn_top_plate|left_rear_frame_horn_side_web|left_rear_frame_horn_top_plate|right_frame_rail|right_front_frame_horn_side_web|right_front_frame_horn_top_plate,L2 bracket reference:9|L0 envelope:2|L2 service datum:1,represented_needs_measurement_refinement,P1,,,
chassis_underside,suspension_bump_stop_removed_samples,2,0,2026-05-29,rubber_recreation_measurement:2,20260529_223605_gp_CklgF0cQ.jpg|20260529_223701_gp_wYPExcAA.jpg,chassis|running_gear,12,left_front_bump_stop|left_rear_bump_stop|right_front_bump_stop|right_rear_bump_stop|cab_body_mount_rubber_puck_1|cab_body_mount_rubber_puck_2|cab_body_mount_rubber_puck_3|cab_body_mount_rubber_puck_4,L4 service-reference detail:8|L2 service datum:4,measurement_photo_available_needs_cad_datum,P1,,,
electrical_system,engine_sender_branch,2,0,2026-05-17,electrical_refit:2,20260517_204615_gp_wsn4bN8g.jpg|20260517_204711_gp_jZ4tm3uQ.jpg,body|engine_bay,12,left_inner_fender|right_inner_fender|air_filter|alternator_body|battery_case|battery_negative_terminal|battery_positive_terminal|battery_tray_reference,L2 service datum:6|L0 envelope:4|L2 visible-detail primitive:1|L2 routing reference:1,represented_needs_measurement_refinement,P1,,,
engine_bay,installed_battery_dimension_reference,2,0,2026-05-17,fabrication_measurement:2,20260517_194303_gp_5yuaRoaA.jpg|20260517_194313_gp_HolDWYeQ.jpg,engine_bay,12,battery_case|battery_negative_terminal|battery_positive_terminal|battery_tray_reference|positive_battery_cable_run|air_filter|alternator_body|brake_booster,L2 service datum:6|L0 envelope:2|L2 routing reference:2|L2 visible-detail primitive:2,measurement_photo_available_needs_cad_datum,P1,,,
interior_cabin,cabin_view_through_glass,2,0,2026-03-29,baseline_walkaround:2,20260329_122855.jpg|20260329_122855_gp_B94NpLbg.jpg,body|interior,12,dashboard_glovebox_door|steering_column_firewall_boot|left_door_window_glass|right_door_window_glass|windshield_glass|windshield_lower_inner_glare_band|windshield_raked_glass_surface|windshield_upper_inner_glare_band,L2 visible-detail primitive:5|L0 envelope:3|L3 exterior material reference:2|L4 gallery-shaped surface:1|L2 service datum:1,represented_needs_measurement_refinement,P1,,,
interior_cabin,front_door_card,2,0,2026-03-17,baseline_walkaround:2,20260317_165203.jpg|20260317_165203_gp_wIZTDFrQ.jpg,body|interior,12,dashboard_glovebox_door|left_beltline_trim_front_door|left_door_handle|left_door_handle_chrome_face|left_door_handle_shadow_gap|left_door_hinge_pin_cap_1|left_door_hinge_pin_cap_2|left_door_hinge_pin_cap_3,L3 exterior material reference:8|L2 visible-detail primitive:2|L0 envelope:1|visual only:1,represented_needs_measurement_refinement,P1,,,
removable_panels,returned_painted_body_trim,2,0,2026-05-23,hardware_refinish:2,20260523_224042_gp_J1g4JmyA.jpg|20260523_224101_gp_EpoF4CwQ.jpg,body,12,left_beltline_trim_front_door|left_beltline_trim_rear_tub|left_fuel_filler_outer_ring|left_rear_tub_top_flange|left_side_step_board|right_beltline_trim_front_door|right_beltline_trim_rear_tub|right_fuel_filler_outer_ring,L3 exterior material reference:6|L4 online-reference detail:2|L2 visible-detail primitive:2|L0 envelope:2,represented_needs_measurement_refinement,P1,,,
removable_panels,returned_painted_inner_panels_or_splash_shields,2,0,2026-05-23,hardware_refinish:2,20260523_222923_gp_nZMVhWQg.jpg|20260523_222939_gp_8284Aubw.jpg,body,12,left_inner_fender|left_rear_inner_wheel_tub|left_rear_tub_top_flange|left_side_step_board|rear_left_tail_lamp_inner_lens|rear_right_tail_lamp_inner_lens|right_inner_fender|right_rear_inner_wheel_tub,L3 exterior material reference:4|L0 envelope:2|L2 panel reference:2|L4 online-reference detail:2|L2 visible-detail primitive:2,represented_needs_measurement_refinement,P1,,,
windows,side_window_glass_and_channels,2,0,2026-05-17,window_refurbishment_intake:2,20260517_193956_gp_jvKqbrzA.jpg|20260517_194038_gp_WfGY4cSA.jpg,body|hard_top,12,left_door_window_glass|right_door_window_glass|left_classic_rear_quarter_window_dark_inner_inset|left_classic_rear_quarter_window_lower_shadow_arc|left_classic_rear_quarter_window_upper_glare_arc|left_front_hardtop_window|left_rear_hardtop_window|rear_left_hardtop_window,L0 envelope:3|L4 online-reference detail:3|L3 exterior material reference:3|L2 visible-detail primitive:2|L1 visible-detail primitive:1,represented_needs_measurement_refinement,P1,,,
body_exterior,front_panel_headlamp_surround,1,0,2026-04-12,hardware_refinish:1,20260412_223534.jpg,body,12,grille_panel|hood_rear_cowl_gap_shadow|left_door_hinge_pin_cap_1|left_door_hinge_pin_cap_2|left_door_hinge_pin_cap_3|left_door_hinge_pin_cap_4|left_door_outer_skin_lower_pressing|left_door_outer_skin_upper_pressing,L3 exterior material reference:9|L0 envelope:2|L2 panel rib reference:1,represented_needs_measurement_refinement,P1,,,
body_exterior,front_panel_lighting_mount_area,1,0,2026-04-12,removed_parts_cataloguing:1,20260412_223216.jpg,body,12,grille_panel|hood_rear_cowl_gap_shadow|left_door_hinge_pin_cap_1|left_door_hinge_pin_cap_2|left_door_hinge_pin_cap_3|left_door_hinge_pin_cap_4|left_door_outer_skin_lower_pressing|left_door_outer_skin_upper_pressing,L3 exterior material reference:7|L4 service-reference detail:3|L0 envelope:1|L2 panel rib reference:1,represented_needs_measurement_refinement,P1,,,
body_exterior,wing_mirror_set,1,0,2026-04-12,hardware_refinish:1,20260412_223539.jpg,body,12,left_door_hinge_pin_cap_1|left_door_hinge_pin_cap_2|left_door_hinge_pin_cap_3|left_door_hinge_pin_cap_4|left_door_mirror_head|left_front_fender|left_front_fender_sloped_outer_skin|left_mirror_arm,L3 exterior material reference:8|L2 visible-detail primitive:2|L0 envelope:1|L4 gallery-shaped surface:1,represented_needs_measurement_refinement,P1,,,
chassis_underside,rear_frame_crossmember_and_mounts,1,0,2026-04-05,underside_inspection:1,20260405_234541.jpg,chassis,12,crossmember_1|crossmember_2|crossmember_3|crossmember_4|crossmember_5|left_crossmember_1_gusset_front|left_crossmember_1_gusset_rear|left_crossmember_2_gusset_front,L0 envelope:6|L2 bracket reference:6,represented_needs_measurement_refinement,P1,,,
chassis_underside,rear_shock_and_crossmember_view,1,0,2026-04-05,underside_inspection:1,20260405_234811.jpg,chassis,12,crossmember_1|crossmember_2|crossmember_3|crossmember_4|crossmember_5|left_crossmember_1_gusset_front|left_crossmember_1_gusset_rear|left_crossmember_2_gusset_front,L2 bracket reference:7|L0 envelope:5,represented_needs_measurement_refinement,P1,,,
electrical_system,driver_footwell_firewall_pass_through,1,0,2026-03-24,stripdown_cataloguing:1,20260324_004812.jpg,body|engine_bay|interior,11,driver_side_floor_dimmer_switch|rhd_pedal_box_reinforcement|steering_column_firewall_boot|firewall|brake_booster_firewall_bracket|clutch_hydraulic_line_firewall_run|rhd_firewall_pedal_box_outer_plate|steering_column_lower_firewall_shaft,L2 service datum:4|L2 visible-detail primitive:3|L0 envelope:2|L2 routing reference:2,represented_needs_measurement_refinement,P1,,,
electrical_system,engine_input_loom_routing_context,1,0,2026-05-17,electrical_refit:1,20260517_204725_gp_y7P6qvhQ.jpg,body|engine_bay,12,left_inner_fender|right_inner_fender|air_filter|alternator_body|battery_case|battery_negative_terminal|battery_positive_terminal|battery_tray_reference,L2 service datum:6|L0 envelope:4|L2 visible-detail primitive:1|L2 routing reference:1,represented_needs_measurement_refinement,P1,,,
electrical_system,engine_loose_connector_unassigned,1,0,2026-05-17,electrical_refit:1,20260517_204538_gp_9CERKvYA.jpg,body|engine_bay,12,left_inner_fender|right_inner_fender|air_filter|alternator_body|battery_case|battery_negative_terminal|battery_positive_terminal|battery_tray_reference,L2 service datum:6|L0 envelope:4|L2 visible-detail primitive:1|L2 routing reference:1,represented_needs_measurement_refinement,P1,,,
electrical_system,engine_starter_solenoid_and_ground_inputs,1,0,2026-05-17,electrical_refit:1,20260517_204429_gp_yEAcUHBg.jpg,body|engine_bay,12,starter_motor|left_inner_fender|right_inner_fender|air_filter|alternator_body|battery_case|battery_negative_terminal|battery_positive_terminal,L2 service datum:5|L0 envelope:4|L2 visible-detail primitive:2|L2 routing reference:1,represented_needs_measurement_refinement,P1,,,
electrical_system,engine_unidentified_two_wire_connector,1,0,2026-05-17,electrical_refit:1,20260517_204445_gp_oaQKzDrA.jpg,body,12,hood_crowned_closed_skin|left_front_fender_rolled_upper_crown|left_front_outer_arch_rounded_skin_facet_1|left_front_outer_arch_rounded_skin_facet_2|left_front_outer_arch_rounded_skin_facet_3|left_front_outer_arch_rounded_skin_facet_4|left_front_outer_arch_rounded_skin_facet_5|left_front_outer_arch_rounded_skin_facet_6,L4 gallery-shaped surface:11|L0 envelope:1,represented_needs_measurement_refinement,P1,,,
engine_bay,battery_side_tray_structure_context,1,0,2026-05-12,chassis_fixing:1,20260512_100100_user_battery_side_tray_structure_context.png,engine_bay,12,battery_tray_reference|battery_case|battery_negative_terminal|battery_positive_terminal|positive_battery_cable_run|air_filter|alternator_body|brake_booster,L2 service datum:6|L0 envelope:2|L2 routing reference:2|L2 visible-detail primitive:2,represented_needs_measurement_refinement,P1,,,
interior_cabin,dashboard_lower_structure,1,0,2026-03-23,stripdown_cataloguing:1,20260323_190005.jpg,interior,12,dashboard_glovebox_door|dashboard|dashboard_gauge_1|dashboard_gauge_2|dashboard_gauge_3|dashboard_gauge_4|accelerator_linkage_pivot|accelerator_pedal_arm,L2 visible-detail primitive:5|L1 visible-detail primitive:4|L2 service datum:2|L0 envelope:1,represented_needs_measurement_refinement,P1,,,
interior_cabin,dashboard_shell_and_bulkhead,1,0,2026-04-22,stripdown_cataloguing:1,20260422_074709_gp_o4wiXyjA.jpg,interior,12,dashboard_glovebox_door|dashboard|dashboard_gauge_1|dashboard_gauge_2|dashboard_gauge_3|dashboard_gauge_4|accelerator_linkage_pivot|accelerator_pedal_arm,L2 visible-detail primitive:5|L1 visible-detail primitive:4|L2 service datum:2|L0 envelope:1,represented_needs_measurement_refinement,P1,,,
interior_cabin,dashboard_shell_and_cabin,1,0,2026-04-13,stripdown_cataloguing:1,20260413_040719.jpg,interior,12,dashboard_glovebox_door|dashboard|dashboard_gauge_1|dashboard_gauge_2|dashboard_gauge_3|dashboard_gauge_4|accelerator_linkage_pivot|accelerator_pedal_arm,L2 visible-detail primitive:5|L1 visible-detail primitive:4|L2 service datum:2|L0 envelope:1,represented_needs_measurement_refinement,P1,,,
interior_cabin,driver_footwell_firewall_and_wiring,1,0,2026-03-21,stripdown_cataloguing:1,20260321_235600.jpg,body|interior,12,driver_side_floor_dimmer_switch|rhd_pedal_box_reinforcement|accelerator_linkage_pivot|dashboard_glovebox_door|handbrake_lever|steering_column|steering_column_firewall_boot|firewall,L2 visible-detail primitive:8|L2 service datum:2|L0 envelope:2,represented_needs_measurement_refinement,P1,,,
interior_cabin,floor_pan_rust_zones,1,0,2026-05-12,stripdown_cataloguing:1,20260512_073141_gp_xzy6KAzg.jpg,body|interior,12,floor_pan|dashboard_glovebox_door|driver_side_floor_dimmer_switch|left_front_floor_mat|rear_floor_mat|right_front_floor_mat|floor_cross_pressing_1|floor_cross_pressing_2,L2 panel rib reference:6|L2 visible-detail primitive:5|L0 envelope:1,represented_needs_measurement_refinement,P1,,,
interior_cabin,j40_removed_steering_column_set,1,0,2026-05-12,eps_vitz_upgrade:1,20260512_211249_gp_MFXOIt2w.jpg,body|interior,12,rhd_steering_column_dash_bracket|steering_column|steering_column_firewall_boot|steering_column_indicator_stalk|dashboard_glovebox_door|steering_wheel|steering_wheel_hub|steering_wheel_spoke_1,L2 visible-detail primitive:6|L2 service datum:2|L1 visible-detail primitive:2|L0 envelope:1|visual only:1,represented_needs_measurement_refinement,P1,,,
removable_panels,rear_hatch_inner_panel,1,0,2026-03-28,removed_parts_cataloguing:1,IMG-20260328-WA0017.jpeg,body,12,grille_panel|hood_rear_cowl_gap_shadow|left_door_outer_skin_lower_pressing|left_door_outer_skin_upper_pressing|left_door_skin_lower_recess_shadow|left_hood_side_gap_shadow|left_inner_fender|left_rear_inner_wheel_tub,L3 exterior material reference:6|L0 envelope:3|L2 panel rib reference:1|L2 panel reference:1|L4 online-reference detail:1,represented_needs_measurement_refinement,P1,,,
wheels_and_tires,wheel_and_tire_detail,1,0,2026-03-24,underside_inspection:1,20260324_004830.jpg,running_gear,12,front_left_tire|front_right_tire|rear_left_tire|rear_right_tire|front_left_hub_cap|front_left_lug_nut_1|front_left_lug_nut_2|front_left_lug_nut_3,L2 service datum:6|L0 envelope:4|L1 visible-detail primitive:1|project-photo evidence:1,represented_needs_measurement_refinement,P1,,,
wheels_and_tires,wheel_tire_neolin_mt_sidewall_rim_detail,1,0,2026-05-12,steering_brakes_suspension:1,20260512_110100_user_neolin_mt_tyre_sidewall_wheel_context.png,running_gear,12,front_left_mud_terrain_sidewall_lettering_panel|front_left_outer_rim_ring|front_left_rim_vent_slot_1|front_left_rim_vent_slot_2|front_left_rim_vent_slot_3|front_left_rim_vent_slot_4|front_left_rim_vent_slot_5|front_left_rim_vent_slot_6,L3 exterior material reference:9|project-photo evidence:1|L2 visible-detail primitive:1|L0 envelope:1,represented_needs_measurement_refinement,P1,,,
window_hardware,rear_hatch_window_latch_mechanisms,1,0,2026-04-08,hardware_refinish:1,20260408_212832.jpg,body,12,left_door_window_bottom_frame|left_door_window_front_vertical_frame|left_door_window_glass|left_door_window_rear_vertical_frame|left_door_window_top_frame|left_hood_latch|left_hood_latch_round_pin|rear_spare_carrier_hardware_screw_1,L3 exterior material reference:10|L0 envelope:1|L2 visible-detail primitive:1,represented_needs_measurement_refinement,P1,,,
chassis_underside,frame_rail_body_mount_and_crossmember_detail,12,0,2026-05-01,chassis_fixing:12,20260501_193533_gp_sDErdvGw.jpg|20260501_193542_gp_U7e0J0iA.jpg|20260501_193554_gp_EU4bmOlg.jpg|20260501_193603_gp_9zd2mD6w.jpg|20260501_193609_gp_f5PDj87Q.jpg|20260501_193618_gp_EFciJdww.jpg|20260501_193624_gp_ocLE7cMQ.jpg|20260501_193755_gp_cuaY6sgg.jpg,chassis,12,steering_box_right_frame_mount_plate|cab_body_mount_rubber_puck_1|cab_body_mount_rubber_puck_2|cab_body_mount_rubber_puck_3|cab_body_mount_rubber_puck_4|cab_body_mount_rubber_puck_5|cab_body_mount_rubber_puck_6|cab_body_mount_rubber_puck_7,L4 service-reference detail:11|L2 bracket reference:1,represented_needs_dimension_check,P2,,,
chassis_underside,frame_and_mount_points,9,0,2026-04-05 to 2026-04-23,underside_inspection:9,20260405_234542_gp_hucEa1CQ.jpg|20260405_234547_gp_3iX5cWQQ.jpg|20260405_234654_gp_P3KYxxIA.jpg|20260405_234802.jpg|20260405_234812_gp_twNBeWvQ.jpg|20260405_234839.jpg|20260405_234840_gp_IoFfvLNw.jpg|20260423_232202_gp_ryYH6xZg.jpg,chassis,12,steering_box_right_frame_mount_plate|cab_body_mount_rubber_puck_1|cab_body_mount_rubber_puck_2|cab_body_mount_rubber_puck_3|cab_body_mount_rubber_puck_4|cab_body_mount_rubber_puck_5|cab_body_mount_rubber_puck_6|cab_body_mount_rubber_puck_7,L4 service-reference detail:11|L2 bracket reference:1,represented_needs_dimension_check,P2,,,
chassis_underside,rear_axle_spring_hanger_and_crossmember,7,0,2026-04-22 to 2026-05-12,underside_inspection:3|chassis_fixing:3|steering_brakes_suspension:1,20260422_004254_gp_SplHLSYA.jpg|20260422_004257_gp_cxEZbZoQ.jpg|20260422_004301_gp_SU89hisw.jpg|20260501_194305_gp_EllBGvXA.jpg|20260501_194313_gp_lfUqLibA.jpg|20260501_194322_gp_XuRtjN4w.jpg|20260512_072755_gp_qXTHC8hw.jpg,chassis,12,left_front_fixed_spring_hanger_inner_plate|left_front_fixed_spring_hanger_outer_plate|left_front_shackle_spring_hanger_inner_plate|left_front_shackle_spring_hanger_outer_plate|left_rear_fixed_spring_hanger_inner_plate|left_rear_fixed_spring_hanger_outer_plate|left_rear_shackle_spring_hanger_inner_plate|left_rear_shackle_spring_hanger_outer_plate,L2 bracket reference:12,represented_needs_dimension_check,P2,,,
chassis_underside,frame_rail_body_mount_and_hard_line_detail,6,0,2026-04-22,underside_inspection:6,20260422_004306_gp_vGlNr2UA.jpg|20260422_004311_gp_994KQ0Pw.jpg|20260422_004323_gp_JD88KuWQ.jpg|20260422_004323_gp_JD88KuWQ_2.jpg|20260422_004332_gp_7d5uYWQQ.jpg|20260422_004332_gp_7d5uYWQQ_2.jpg,brake_system|chassis,12,front_hard_line_right_frame_run|rear_hard_line_right_frame_run|steering_box_right_frame_mount_plate|cab_body_mount_rubber_puck_1|cab_body_mount_rubber_puck_2|cab_body_mount_rubber_puck_3|cab_body_mount_rubber_puck_4|cab_body_mount_rubber_puck_5,L4 service-reference detail:9|L2 routing reference:2|L2 bracket reference:1,represented_needs_dimension_check,P2,,,
roof_and_gutters,roof_gutter_and_window_channel,6,0,2026-03-23 to 2026-05-17,rust_assessment:4|removed_parts_cataloguing:1|hardware_refinish:1,20260323_210944.jpg|20260323_210954.jpg|20260323_211003.jpg|20260323_211027.jpg|20260423_183648_gp_ltd3AKwg.jpg|20260517_193305_gp_o1a6StwA.jpg,hard_top,12,left_hardtop_side_tapered_upper_skin|left_roof_drip_rail_outer_shadow|left_roof_gutter_front_end_cap|left_roof_gutter_rear_end_cap|left_roof_gutter_rivet_1|left_roof_gutter_rivet_2|left_roof_gutter_rivet_3|left_roof_gutter_rivet_4,L3 exterior material reference:11|L4 gallery-shaped surface:1,represented_needs_dimension_check,P2,,,
brake_system,front_sumitomo_disc_caliper_and_rotor_baseline,4,0,2026-05-29,brake_system_identification:4,20260529_183947_gp_lSYuESVg.jpg|20260529_183959_gp_MlRssDVA.jpg|20260529_184010_gp_3htpDpPQ.jpg|20260529_184012_gp_Q01c08NA.jpg,brake_system,12,front_left_sumitomo_disc_caliper_body|front_right_sumitomo_disc_caliper_body|front_left_disc_caliper_bridge|front_left_vented_disc_rotor|front_right_disc_caliper_bridge|front_right_vented_disc_rotor|front_left_caliper_bleeder_screw|front_left_flex_hose_to_caliper,project-photo evidence:10|L2 routing reference:1|L3 specific item reference:1,represented_needs_dimension_check,P3,,,
chassis_underside,suspension_or_linkage_mount,2,0,2026-04-11,underside_inspection:2,20260411_220207.jpg|20260411_220214.jpg,chassis,12,cab_body_mount_rubber_puck_1|cab_body_mount_rubber_puck_2|cab_body_mount_rubber_puck_3|cab_body_mount_rubber_puck_4|cab_body_mount_rubber_puck_5|cab_body_mount_rubber_puck_6|cab_body_mount_rubber_puck_7|cab_body_mount_rubber_puck_8,L4 service-reference detail:12,represented_needs_dimension_check,P3,,,
rubbers_and_seals,window_rubber_seals_and_frames,2,0,2026-03-29,removed_parts_cataloguing:2,20260329_051754.jpg|20260329_051754_gp_YcnhIwZQ.jpg,hard_top,12,left_front_window_rubber_seal|left_hardtop_front_window_rounded_corner_1|left_hardtop_front_window_rounded_corner_2|left_hardtop_front_window_rounded_corner_3|left_hardtop_front_window_rounded_corner_4|left_hardtop_rear_window_rounded_corner_1|left_hardtop_rear_window_rounded_corner_2|left_hardtop_rear_window_rounded_corner_3,L3 exterior material reference:8|L2 visible-detail primitive:4,represented_needs_dimension_check,P3,,,
chassis_underside,body_mount_and_crossmember_detail,1,0,2026-04-05,underside_inspection:1,20260405_234546.jpg,chassis,12,cab_body_mount_rubber_puck_1|cab_body_mount_rubber_puck_2|cab_body_mount_rubber_puck_3|cab_body_mount_rubber_puck_4|cab_body_mount_rubber_puck_5|cab_body_mount_rubber_puck_6|cab_body_mount_rubber_puck_7|cab_body_mount_rubber_puck_8,L4 service-reference detail:12,represented_needs_dimension_check,P3,,,
electrical_system,j40_electrical_wiring_diagram,1,0,2026-05-18,electrical_reference:1,J40.jpg,,0,,,photos_only_needs_model_geometry,P3,,,
removable_panels,refinished_seat_or_mount_bracket,1,0,2026-04-12,hardware_refinish:1,20260412_010623.jpg,body,12,left_hood_hinge_mount_plate|left_hood_hinge_mount_screw_front|left_hood_hinge_mount_screw_rear|left_mirror_mount_screw_1|left_mirror_mount_screw_2|left_mirror_mount_screw_3|left_mirror_mount_screw_4|left_rear_tub_top_flange,L3 exterior material reference:7|L4 service-reference detail:4|L4 online-reference detail:1,represented_needs_dimension_check,P3,,,
