source_id,title,url,source_type,permission_basis,rev_c_use
sketchfab-tonielpro520-1976-fj40,1976 Toyota Land Cruiser FJ40,https://sketchfab.com/3d-models/1976-toyota-land-cruiser-fj40-a4e58b09ce48444ca6164834c310880d,downloadable 3D model,Creative Commons Attribution 4.0; author credit required; commercial use allowed,"overall hardtop silhouette, body tub packaging, material separation, and project-owned remodelling reference"
sketchfab-game-garage-fj40,Toyota Land Cruiser,https://sketchfab.com/3d-models/toyota-land-cruiser-cbcbd901e8874205b5be294fa3dd3df2,downloadable game-ready 3D model,Creative Commons Attribution listing; author credit required,"high-density material/texture cue set for window rubber, lights, trim, wheels, and visible interior detail"
3dmodels-1979-j40-hard-top,Toyota Land Cruiser (J40) Hard Top 1979,https://3dmodels.org/3d-models/toyota-land-cruiser-j40-hard-top-1979/,commercial 3D model preview gallery,commercial use covered by project owner; public previews used for reference cues,"front/rear orthographic proportions, classic rounded rear hardtop glazing, grille/lamp treatment, wheel/tire material breaks, spare carrier"
cgtrader-hard-top-bj44v-1979-print,TOYOTA LAND-CRUISER J40 HARD TOP BJ44V 1979,https://www.cgtrader.com/3d-print-models/hobby-diy/automotive/toyota-land-cruiser-j40-hard-top-bj44v-1979-df76b215-58fa-40f4-82f4-811350605600,commercial printable 3D model listing,commercial use covered by project owner; listing cues used unless local files are placed in inbox,separate-body/open-hood/chassis/wheel/glass part breakdown and hood-understructure targets
toyota-epc-fj40-body-interior,Toyota Land Cruiser FJ40-KC Body and Interior Parts Groups,https://toyota.epc-data.com/land_cruiser/fj40/61645/body/,online parts catalog representation,parts group names used as factual service-reference cues,"cab/body mounting, bumper stays, grille, hood lock/hinge, cowl/front ventilator, side/roof/rear ventilators, spare carrier"
toyota-gr-heritage-40-current-page,Toyota GR Heritage Land Cruiser 40,https://toyotagazooracing.com/gr/heritage/landcruiser40/,official Toyota heritage parts program,public Toyota product and parts-program page used for factual availability and naming cues,"current official parts program vocabulary, order timing cues, and category cross-checks"
toyota-gr-heritage-40-parts-list-2026,Land Cruiser 40 GR Heritage Parts List,https://toyotagazooracing.com/-/media/TMC/tgr/global/contents/gr/heritage/pdf/Landcruiser40_en.pdf,official Toyota heritage parts list,public Toyota parts list used for factual part-name cues,"parking brake, rear brake tubes, wiper pivot caps, mirror packing, fuel inlet hose, rear combination lamp segmentation"
ih8mud-fj40-frame-cad-thread,"A lot of people have been asking for this, CAD model for FJ40 frame",https://forum.ih8mud.com/threads/a-lot-of-people-have-been-asking-for-this-cad-model-for-fj40-frame.798358/,community CAD and dimensional lead,public forum reference; per-file rights and accuracy must be verified before local use,"candidate frame rail, crossmember, and bracket datum leads for comparison against measured truck geometry"
ih8mud-40-series-cad-file-repository,3D Print and CAD File Repository - 40 Series,https://forum.ih8mud.com/threads/3d-print-and-cad-file-repository-40-series.1281295/,community CAD/STL repository,public forum index; per-file licenses vary and must be checked,"small part modelling leads such as knobs, covers, bezels, hose separators, and license lamp covers"
