part_id,qty,machine_route,machine_files,coordinate_system,exact_definition_mm,material,tolerance,release_status,shop_note
BM-ISO-SM,10 plus 2 spares,waterjet/knife/punch/moulded square body isolator pad; DXF is top profile,bm_iso_sm_square_pad_rev_a.dxf|bm_iso_sm_square_pad_rev_a.svg,2D top profile in mm; origin lower-left of 70 x 70 bounding square; centre at X35 Y35,Square flat pad 70 L x 70 W x 22 H; plan corners R1.5; through bore diameter 18.0 at X35 Y35 for Toyota 90560-12009 style sleeve; top/bottom perimeter edge break or chamfer 1.0 max; flat parallel faces,"Black EPDM or NR/SBR automotive mount rubber, Shore A 60 +/-5",length/width +/-1.0; height +/-0.5; bore +0.5/-0.0; edge break 0.5-1.0; faces parallel <=0.5,released for quote and first article; station fit and compression check pending,Use this square BM-ISO-SM control for the active Longman body-pad order. Do not use the older circular BM-SM placeholder unless deliberately re-released.
BM-ISO-LG,2 plus 1 spare,waterjet/knife/punch/moulded square body isolator pad; DXF is top profile,bm_iso_lg_square_pad_rev_a.dxf|bm_iso_lg_square_pad_rev_a.svg,2D top profile in mm; origin lower-left of 80 x 80 bounding square; centre at X40 Y40,Square flat pad 80 L x 80 W x 24 H; plan corners R1.5; through bore diameter 18.0 at X40 Y40 for Toyota 90560-12009 style sleeve; top/bottom perimeter edge break or chamfer 1.0 max; flat parallel faces,"Black EPDM or NR/SBR automotive mount rubber, Shore A 60 +/-5",length/width +/-1.0; height +/-0.5; bore +0.5/-0.0; edge break 0.5-1.0; faces parallel <=0.5,released for quote and first article; large-station fit and compression check pending,Make the large pair and spare from the same compound batch where possible. Do not use the older circular BM-LG placeholder unless deliberately re-released.
BM-CUP-SM,10 working basis,"CNC/waterjet/laser blank, then press/form dish",bm_cup_small_seat_washer_rev_a.dxf|bm_cup_small_seat_washer_rev_a.svg,2D flat blank in mm; origin lower-left of 64 x 64 bounding square; centre at X32 Y32,OD 64; M10 clearance hole diameter 11 at centre; dish/register depth 2-3 after forming; steel thickness 2.5-3.0; final formed profile must match old cup before batch,"2.5-3.0 mm steel, zinc plated or epoxy primed after forming",OD +/-1.0; hole +0.3/-0.0; dish depth 2-3; thickness +/-0.2,cut/form-ready first article; confirm old cup reuse and dish depth before batch,Do not substitute generic flat washers. Deburr before forming and coat after forming.
BM-CUP-LG,2 working basis,"CNC/waterjet/laser blank, then press/form dish",bm_cup_large_seat_washer_rev_a.dxf|bm_cup_large_seat_washer_rev_a.svg,2D flat blank in mm; origin lower-left of 78 x 78 bounding square; centre at X39 Y39,OD 78; M10 clearance hole diameter 11 at centre; dish/register depth 2-3 after forming; steel thickness 2.5-3.0; final formed profile must match old cup before batch,"2.5-3.0 mm steel, zinc plated or epoxy primed after forming",OD +/-1.0; hole +0.3/-0.0; dish depth 2-3; thickness +/-0.2,cut/form-ready first article; confirm large station and cup landing before batch,Make large cups as a matched pair and coat after forming.
FS-OVAL,2,waterjet/knife/punch/moulded 2.5D rubber pad,fs_oval_front_support_pad_rev_a.dxf|fs_oval_front_support_pad_rev_a.svg,2D plan in mm; origin lower-left of 64 x 96 bounding box; centreline X32,Outer capsule 64 wide x 96 long with radius 32 ends; thickness 15; through holes diameter 12 at X32 Y16 and X32 Y80; hole centre spacing 64; relief pocket 36 x 18 with R3 corners at X14 Y39; insert/boss mark diameter 29 at X32 Y16,"Black EPDM or NR/SBR automotive mount rubber, Shore A 60 +/-5",outer +/-1.0; hole position +/-0.5; hole diameter +0.5/-0.0; thickness +/-0.5,machine-defined for first article; confirm whether relief is through-cut or blind pocket on physical sample,Make as matched pair. INSERT_MARK is not a through cut.
FS-STRIP-L,1,waterjet/knife/die cut plain strip; dry-fit controls local trim,fs_strip_left_template_blank_rev_a.dxf|fs_strip_left_template_blank_rev_a.svg,plain strip in mm; origin lower-left of 420 x 38 envelope,Plain flat strip 420 L x 38 W x 8 T; plan corners R1.5; top/bottom edge break 0.5-1.0; no holes or slots in rubber by default,"Black EPDM or NR/SBR sheet/strip rubber, Shore A 60 +/-5",length/width +/-1.0; thickness +/-0.5; edge break 0.5-1.0,released plain first article; dry-fit controls local end trim and separate steel retainer,Do not punch holes or slots unless vehicle dry-fit proves the rubber itself was pierced.
FS-STRIP-R,1,waterjet/knife/die cut plain strip; dry-fit controls local trim,fs_strip_right_template_blank_rev_a.dxf|fs_strip_right_template_blank_rev_a.svg,plain strip in mm; origin lower-left of 420 x 38 envelope,Plain flat strip 420 L x 38 W x 8 T; plan corners R1.5; top/bottom edge break 0.5-1.0; no holes or slots in rubber by default,"Black EPDM or NR/SBR sheet/strip rubber, Shore A 60 +/-5",length/width +/-1.0; thickness +/-0.5; edge break 0.5-1.0,released plain first article; dry-fit controls local end trim and separate steel retainer,Treat as same blank as left unless vehicle dry-fit proves handed trim.
EXH-HGR-90917,as fitted; replace every fitted exhaust cushion,source exact new teardrop cushion or mould sample-matched rubber-metal exhaust cushion,exh_hgr_90917_08004_teardrop_rev_a.dxf|exh_hgr_90917_08004_teardrop_rev_a.svg,2D top profile in mm; origin lower-left of 48 x 86 bounding box; centreline X24,Teardrop/paddle outline 48 wide x 86 high; lower bulb radius 24 centred X24 Y24; top mounting lug on centreline; mounting hole diameter 9 at X24 Y73; hanger slot 16 wide x 22 high capsule centred X24 Y29; raised boss/recess mark 36 x 42 capsule at X6 Y8; finished rubber body thickness target 22 unless genuine sample proves otherwise; reproduce metal reinforcement if present,"Automotive molded exhaust-hanger rubber/EPDM or NR heat/vibration compound, Shore A 60 +/-5, with bonded/internal steel insert where original construction uses it",outer +/-1.0; hole/slot +0.5/-0.0; hole position +/-0.5; thickness +/-0.5 after genuine-sample confirmation,"style identified from vehicle photos and reference part shape; Toyota number is not a supply dependency; local moulding needs genuine sample or intact original for side profile, mould depth, insert depth, and reinforcement",Do not use the previous round ring or generic two-hole strap. The vehicle/reference evidence points to a teardrop cushion style; reproduce the sample geometry if exact new stock is unavailable.
BM-SHIM-THIN,1 pack,cut flat steel shims after station footprint trace; no universal washer stack,none,station footprint trace in mm; slot centreline and opening copied from preserved mount station,"Thin shim pack: 1 mm x12, 2 mm x12, 3 mm x12, 5 mm x12; slot width 11-12 for M10 bolt; plate footprint must fully support original pedestal/contact patch; final outline from original shim or landing-surface trace","Flat steel, deburred, zinc plated or epoxy primed",thickness +/-0.1; slot +0.5/-0.0; footprint +/-0.5 after trace,spec-ready pack; CNC/DXF hold until original station footprint is traced,Label every thickness. Use only at original metal-to-metal shim locations.
BM-SHIM-THICK,1 pack,cut flat steel spacer plates after station map confirms need,none,station footprint trace in mm; M10 clearance and footprint copied from preserved originals,"Thick spacer control pack: 5 mm x4, 10 mm x4, 15 mm x4. Record Toyota reference thicknesses 22.8 and 27.8 but cut/buy those only if original station map proves need; slot width 11-12 or through hole matching original","Flat steel plate, deburred, zinc plated or epoxy primed",thickness +/-0.1; hole/slot +0.5/-0.0; footprint +/-0.5 after trace,conditional release; station map must prove which thick spacers are needed,Do not replace OE-style thick spacers with washer towers.
BUMP-F-L,1,May 29 removed-sample controlled mould/cast progressive bump-stop assembly; rubber not CNC-cut,bump_stop_vehicle_measurement_control.svg,"May 29 removed samples, removed metal fixture, cleaned vehicle bracket, and axle strike pad in mm; sample controls construction but final dimensions remain caliper/vehicle released","Toyota reference 48304-60010 long stop; target free height 70 +/-1; reproduce May 29 sample-style broad rounded/tapered rubber body with two through-holes in the rubber, central fixture/channel interface, and flat strike area; release rubber body outline, through-hole pitch P, hole/thread D, fixture/channel, and contact X/Y from samples, removed fixture, and matching vehicle bracket; no square block and no flat-plate placeholder","New automotive NR/SBR bump-stop rubber Shore A 70 +/-5 with sample-proven fixture/insert retention where present; cast automotive PU Shore A 80 +/-5 acceptable only with same shape, through-holes, fixture interface, and rebound",height +/-1; rubber through-hole and fixture/channel features +/-0.5 after sample/vehicle release; contact centre +/-5; retention must survive compression and rebound,sample and vehicle measurement release required before mould; exact external height known,"Fabricator must supply side/profile sketch, rubber through-hole layout, fixture/channel trace, material declaration, retention construction, and one first article; verify bracket/fixture hand fit, loaded/full-bump contact, and 50 percent compression recovery before full set."
BUMP-F-R,1,May 29 removed-sample controlled mould/cast short right-front bump-stop assembly; rubber not CNC-cut,bump_stop_vehicle_measurement_control.svg,"May 29 removed samples, removed metal fixture, cleaned right-front vehicle bracket, and axle strike pad in mm; sample controls construction but final dimensions remain caliper/vehicle released","Toyota reference 48304-60020 short right-front stop; target free height 60 +/-1; reproduce May 29 sample-style broad rounded/tapered rubber body with two through-holes in the rubber, central fixture/channel interface, and flat strike area; do not use 70 mm long-stop height here unless full-bump test releases it; release rubber body outline, P, D, fixture/channel, and contact X/Y from samples, fixture, and right-front bracket","New automotive NR/SBR bump-stop rubber Shore A 70 +/-5 with sample-proven fixture/insert retention where present; cast automotive PU Shore A 80 +/-5 acceptable only with same shape, through-holes, fixture interface, and rebound",height +/-1; rubber through-hole and fixture/channel features +/-0.5 after sample/vehicle release; contact centre +/-5; retention must survive compression and rebound,sample and vehicle measurement release required before mould; exact external height known,Reject aftermarket or locally made right-front stops at 70 mm unless deliberately trimmed and released by a full-bump clearance test.
BUMP-R,2,May 29 removed-sample controlled mould/cast progressive matched rear bump-stop assemblies; rubber not CNC-cut,bump_stop_vehicle_measurement_control.svg,"May 29 removed samples, removed metal fixture, cleaned rear vehicle brackets, and axle strike pads in mm; sample controls construction but final dimensions remain caliper/vehicle released","Toyota reference 48304-60010 long stop; target free height 70 +/-1 for both rear stops; reproduce May 29 sample-style broad rounded/tapered rubber bodies with two through-holes in the rubber, central fixture/channel interface, and flat strike areas; release rubber body outline, P, D, fixture/channel, and contact X/Y from samples, fixture, and rear brackets; matched progressive pair","New automotive NR/SBR bump-stop rubber Shore A 70 +/-5 with sample-proven fixture/insert retention where present; cast automotive PU Shore A 80 +/-5 acceptable only with same shape, through-holes, fixture interface, and rebound",height +/-1; rear pair height match <=1; hardness spread <=5 Shore A; rubber through-hole and fixture/channel features +/-0.5 after sample/vehicle release; contact centre +/-5; retention must survive compression and rebound,sample and vehicle measurement release required before mould; exact external height known,Make as matched rear pair after final ride height and axle travel checks; reject universal unmatched rear stops and simple cut blocks.
