component_job_id,component_group,current_status,reconciliation_status,direct_match_count,indirect_match_count,direct_specific_components,indirect_specific_components,direct_date_range,indirect_date_range,example_direct_files,example_indirect_files,notes
roof_shell,roof,returned_pending_fitment_check,direct_photo_evidence,6,0,roof_gutter_and_window_channel,,2026-03-23 to 2026-05-17,,20260323_210944.jpg|20260323_210954.jpg|20260323_211003.jpg|20260323_211027.jpg|20260423_183648_gp_ltd3AKwg.jpg|20260517_193305_gp_o1a6StwA.jpg,,Roof channel/rain gutter photos are direct evidence of roof shell condition.
back_doors,doors,planned_send_out,direct_photo_evidence,19,2,detached_body_panels_and_doors|detached_doors_and_panels,front_door_card,2026-03-19 to 2026-04-23,2026-03-17,20260319_182448.jpg|20260319_182449_gp_ttDAl3iw.jpg|20260408_211754.jpg|20260408_211756_gp_UFEU6uIA.jpg|20260408_211804.jpg|20260408_211806_gp_TbbCJsoQ.jpg|20260408_211812.jpg|20260408_211814_gp_hJ3szRKQ.jpg,20260317_165203.jpg|20260317_165203_gp_wIZTDFrQ.jpg,Detached door panels are direct; interior door card is supporting context.
front_windows,windows,planned_send_out,direct_photo_evidence,2,20,hood_and_front_windshield_overview,cabin_overview|cabin_view_through_glass|side_window_glass_and_channels,2026-03-17,2026-03-17 to 2026-05-17,20260317_165030.jpg|20260317_165030_gp_j49pTsog.jpg,20260317_165113.jpg|20260317_165114_gp_meA0ZqNA.jpg|20260317_165120.jpg|20260317_165120_gp_T9xvPw2Q.jpg|20260317_165124.jpg|20260317_165124_gp_0RHELA3A.jpg|20260317_165129.jpg|20260317_165129_gp_QZEuQdvg.jpg,Front windshield is explicitly captured in dedicated front overview shots; May 17 side-window glass photos support the broader windows workstream.
front_vent_window_assemblies,windows,planned_separate_service,direct_photo_evidence,3,6,front_vent_window_assemblies,cabin_view_through_glass|side_window_glass_and_channels|window_rubber_seals_and_frames,2026-05-03 to 2026-05-17,2026-03-29 to 2026-05-17,20260503_234035_front_vent_window_assemblies.png|20260517_193803_gp_1KhFjceQ.jpg|20260517_193837_gp_AERCJIrw.jpg,20260329_051754.jpg|20260329_051754_gp_YcnhIwZQ.jpg|20260329_122855.jpg|20260329_122855_gp_B94NpLbg.jpg|20260517_193956_gp_jvKqbrzA.jpg|20260517_194038_gp_WfGY4cSA.jpg,Detached paired vent/quarter window assemblies are directly documented and should close through the windows refurbishment gate.
hood,hood,planned_send_out,direct_photo_evidence,2,16,hood_and_front_windshield_overview,engine_bay_overview|front_panel_lighting_mount_area,2026-03-17,2026-03-17 to 2026-04-23,20260317_165030.jpg|20260317_165030_gp_j49pTsog.jpg,20260317_235150.jpg|20260317_235152_gp_yJFNNGlA.jpg|20260317_235201.jpg|20260317_235204_gp_14hUn3XA.jpg|20260317_235216.jpg|20260317_235219_gp_rjDgGWZw.jpg|20260317_235229.jpg|20260317_235232_gp_3Ojs4Rag.jpg,Hood panel/latches are explicitly visible in front overview shots.
back_cabin,body_sections,planned_send_out,direct_photo_evidence,7,15,body_shell_with_doors_removed|dashboard_shell_and_cabin|rear_cargo_floor|rear_side_opening,detached_body_panels_and_doors,2026-03-23 to 2026-05-17,2026-04-08 to 2026-04-23,20260323_201950.jpg|20260323_201957.jpg|20260323_202016.jpg|20260413_040659.jpg|20260413_040719.jpg|20260517_195511_gp_iFvWFVNw.jpg|20260517_195628_gp_Wog59oFg.jpg,20260408_211754.jpg|20260408_211756_gp_UFEU6uIA.jpg|20260408_211804.jpg|20260408_211806_gp_TbbCJsoQ.jpg|20260408_211812.jpg|20260408_211814_gp_hJ3szRKQ.jpg|20260408_212835_gp_nwY1TOwQ.jpg|20260408_212839.jpg,Rear cabin/body section is directly visible in multiple strip-down shots.
window_mechanisms,window_hardware,planned_separate_service,direct_photo_evidence,4,3,front_vent_window_assemblies|rear_hatch_window_latch_mechanisms,side_window_glass_and_channels|wiper_arm_or_linkage_hardware,2026-04-08 to 2026-05-17,2026-04-12 to 2026-05-17,20260408_212832.jpg|20260503_234035_front_vent_window_assemblies.png|20260517_193803_gp_1KhFjceQ.jpg|20260517_193837_gp_AERCJIrw.jpg,20260412_010713.jpg|20260517_193956_gp_jvKqbrzA.jpg|20260517_194038_gp_WfGY4cSA.jpg,Rear hatch latch hardware and vent-window latch/pivot assemblies are directly documented; wiper/linkage remains supporting evidence.
body_rubbers,rubbers_and_seals,split_scope,direct_photo_evidence,7,8,front_vent_window_assemblies|side_window_glass_and_channels|window_rubber_seals_and_frames,cabin_view_through_glass|roof_gutter_and_window_channel,2026-03-29 to 2026-05-17,2026-03-23 to 2026-05-17,20260329_051754.jpg|20260329_051754_gp_YcnhIwZQ.jpg|20260503_234035_front_vent_window_assemblies.png|20260517_193803_gp_1KhFjceQ.jpg|20260517_193837_gp_AERCJIrw.jpg|20260517_193956_gp_jvKqbrzA.jpg|20260517_194038_gp_WfGY4cSA.jpg,20260323_210944.jpg|20260323_210954.jpg|20260323_211003.jpg|20260323_211027.jpg|20260329_122855.jpg|20260329_122855_gp_B94NpLbg.jpg|20260423_183648_gp_ltd3AKwg.jpg|20260517_193305_gp_o1a6StwA.jpg,"Detached window assemblies, channels, and rubber surrounds are directly documented; non-window body-mount rubber remains controlled separately."
window_rubbers_weatherstrips,rubbers_and_seals,intake_photo_selection,direct_photo_evidence,7,8,front_vent_window_assemblies|side_window_glass_and_channels|window_rubber_seals_and_frames,cabin_view_through_glass|roof_gutter_and_window_channel,2026-03-29 to 2026-05-17,2026-03-23 to 2026-05-17,20260329_051754.jpg|20260329_051754_gp_YcnhIwZQ.jpg|20260503_234035_front_vent_window_assemblies.png|20260517_193803_gp_1KhFjceQ.jpg|20260517_193837_gp_AERCJIrw.jpg|20260517_193956_gp_jvKqbrzA.jpg|20260517_194038_gp_WfGY4cSA.jpg,20260323_210944.jpg|20260323_210954.jpg|20260323_211003.jpg|20260323_211027.jpg|20260329_122855.jpg|20260329_122855_gp_B94NpLbg.jpg|20260423_183648_gp_ltd3AKwg.jpg|20260517_193305_gp_o1a6StwA.jpg,Window rubber/weatherstrip replacement is supported by May 17 removed window assembly measurements plus earlier window-seal context.
interior,interior,planned_strip,direct_photo_evidence,50,4,cabin_overview|dashboard_and_cabin_stripdown|dashboard_lower_structure|dashboard_shell_and_cabin|driver_footwell_firewall_and_wiring|floor_pan_and_firewall|rear_cargo_floor,cabin_view_through_glass|front_door_card,2026-03-17 to 2026-04-13,2026-03-17 to 2026-03-29,20260317_165113.jpg|20260317_165114_gp_meA0ZqNA.jpg|20260317_165120.jpg|20260317_165120_gp_T9xvPw2Q.jpg|20260317_165124.jpg|20260317_165124_gp_0RHELA3A.jpg|20260317_165129.jpg|20260317_165129_gp_QZEuQdvg.jpg,20260317_165203.jpg|20260317_165203_gp_wIZTDFrQ.jpg|20260329_122855.jpg|20260329_122855_gp_B94NpLbg.jpg,Interior strip-down and cabin state are well documented.
old_accessory_wiring,electrical_accessories,partially_removed,direct_photo_evidence,17,4,driver_footwell_firewall_and_wiring|driver_footwell_firewall_pass_through|firewall_and_dash_wiring|pedal_box_wiring,electrical_reference_document|electrical_wiring_diagram,2026-03-20 to 2026-03-28,2026-04-03,20260320_191834.jpg|20260320_191837_gp_tmpBN7rA.jpg|20260320_191846.jpg|20260320_191848_gp_1zuoDRhw.jpg|20260320_192143.jpg|20260320_192145_gp_VGtn7lYA.jpg|20260320_192148.jpg|20260320_192151_gp_1q5neNiA.jpg,20260403_202907.jpg|20260403_202907_gp_CBoVlGVQ.jpg|20260403_202920.jpg|20260403_202920_gp_WmvduRvQ.jpg,Accessory/electrical removal and rebuild work has strong direct photo coverage.
engine_electrical_inputs_reconciliation_20260517,electrical_system,photo_intake_added,direct_photo_evidence,10,34,alternator_charge_regulator_wiring|engine_input_loom_routing_context|engine_loose_connector_unassigned|engine_sender_branch|engine_starter_solenoid_and_ground_inputs|engine_unidentified_two_wire_connector|injection_pump_throttle_linkage_electrical_input,engine_bay_overview|engine_powertrain_cleaning_baseline,2026-05-17,2026-03-17 to 2026-05-12,20260517_204429_gp_yEAcUHBg.jpg|20260517_204445_gp_oaQKzDrA.jpg|20260517_204504_gp_46p1VNCg.jpg|20260517_204538_gp_9CERKvYA.jpg|20260517_204550_gp_kDsqLZQg.jpg|20260517_204615_gp_wsn4bN8g.jpg|20260517_204711_gp_jZ4tm3uQ.jpg|20260517_204725_gp_y7P6qvhQ.jpg,20260317_235150.jpg|20260317_235152_gp_yJFNNGlA.jpg|20260317_235201.jpg|20260317_235204_gp_14hUn3XA.jpg|20260317_235216.jpg|20260317_235219_gp_rjDgGWZw.jpg|20260317_235229.jpg|20260317_235232_gp_3Ojs4Rag.jpg,"May 17 selected photos are the active engine electrical input reconciliation set; starter, alternator, sender, injection-pump/throttle-linked, and unknown connector branches must be labelled and electrically proven before final wrap."
cabin_engine_firewall_holes_survey_20260517,electrical_system,photo_intake_added,direct_photo_evidence,4,17,cabin_engine_firewall_pass_through_holes,driver_footwell_firewall_and_wiring|driver_footwell_firewall_pass_through|firewall_and_dash_wiring|pedal_box_wiring,2026-05-17,2026-03-20 to 2026-03-28,20260517_194754_gp_vXLV7rzA.jpg|20260517_194806_gp_eou5ctOQ.jpg|20260517_194841_gp_eXh30voQ.jpg|20260517_194911_gp_jCrFS5PA.jpg,20260320_191834.jpg|20260320_191837_gp_tmpBN7rA.jpg|20260320_191846.jpg|20260320_191848_gp_1zuoDRhw.jpg|20260320_192143.jpg|20260320_192145_gp_VGtn7lYA.jpg|20260320_192148.jpg|20260320_192151_gp_1q5neNiA.jpg,"May 17 selected photos are the active cabin-to-engine firewall hole survey; size, edge condition, grommet availability, and routing assignment must be logged before reusing or closing any opening."
floor_pan,body_floor,rust_damage_photo_intake_added,direct_photo_evidence,49,60,floor_pan_and_firewall|floor_pan_rust_zones|floor_seam_and_body_mount_rust,frame_floor_underside_and_lines|rear_cargo_floor,2026-03-21 to 2026-05-17,2026-03-23 to 2026-05-14,20260321_235436.jpg|20260321_235439_gp_K6PYqo5A.jpg|20260321_235441.jpg|20260321_235441_exported_1774186863455.jpg|20260321_235444_gp_wQoX9Mug.jpg|20260321_235444_gp_zOybRRYA.jpg|20260321_235504_gp_zTZMZkeA.jpg|20260321_235603_gp_cTqEYl9w.jpg,20260323_202016.jpg|20260331_030439_gp_Hm0ga9nQ.jpg|20260331_224409.jpg|20260331_224411_gp_xotdHr5w.jpg|20260331_224415.jpg|20260331_224416_gp_HZ3sjkkA.jpg|20260331_224423.jpg|20260331_224424_gp_whE84rpw.jpg,"Floor pan rust/condition is directly evidenced with dedicated close-ups; May 17 adds tub floor, seam, and body-mount rust details."
passenger_footwell_floor_section_replacement_20260719,body_floor,confirmed_cut_out_and_reweld_required,no_photo_evidence,0,0,,,,,,,No explicit rule configured.
tub_rust_damage_survey_20260517,body_tub,photo_intake_added,direct_photo_evidence,12,4,body_shell_with_doors_removed|floor_pan_rust_zones|floor_seam_and_body_mount_rust|tub_corner_hinge_pin_repair,body_shell_with_doors_removed|rear_cargo_floor|rear_side_opening,2026-05-17,2026-03-23 to 2026-04-13,20260517_195032_gp_lrASxesw.jpg|20260517_195057_gp_U6FxmsPQ.jpg|20260517_195108_gp_elCiXzKw.jpg|20260517_195123_gp_LxOfgsPA.jpg|20260517_195241_gp_RzJdcAZg.jpg|20260517_195321_gp_4zDAINsA.jpg|20260517_195330_gp_wrE9dLVw.jpg|20260517_195341_gp_ZTYnpWUA.jpg,20260323_201950.jpg|20260323_201957.jpg|20260323_202016.jpg|20260413_040659.jpg,"May 17 selected photos are the active tub rust-damage intake set; each still needs station labels, probe results, and repair release decisions."
tub_corner_hinge_pin_repair_20260517,body_tub,photo_intake_added,direct_photo_evidence,3,6,tub_corner_hinge_pin_repair,body_shell_with_doors_removed|floor_seam_and_body_mount_rust,2026-05-17,2026-03-23 to 2026-05-17,20260517_195108_gp_elCiXzKw.jpg|20260517_195123_gp_LxOfgsPA.jpg|20260517_195241_gp_RzJdcAZg.jpg,20260323_201950.jpg|20260405_234652.jpg|20260517_195406_gp_req8G3Bg.jpg|20260517_195430_gp_VGGpRFOQ.jpg|20260517_195511_gp_iFvWFVNw.jpg|20260517_195628_gp_Wog59oFg.jpg,"The May 17 re-selected close-ups isolate the corner/hinge repair issue where the hinge pin had to be cut off; release requires side/location labels, probe results, hinge hardware decision, and repair-method signoff."
rear_fuel_tank,fuel_system,removed_stored,direct_photo_evidence,4,58,fuel_filler_side_panel|rear_cargo_floor,frame_floor_underside_and_lines,2026-03-14 to 2026-04-13,2026-03-31 to 2026-05-14,20260314_180058.jpg|20260314_180059_gp_x5fsOjjA.jpg|20260323_202016.jpg|20260413_040659.jpg,20260331_030439_gp_Hm0ga9nQ.jpg|20260331_224409.jpg|20260331_224411_gp_xotdHr5w.jpg|20260331_224415.jpg|20260331_224416_gp_HZ3sjkkA.jpg|20260331_224423.jpg|20260331_224424_gp_whE84rpw.jpg|20260331_224428.jpg,Fuel tank-out context and tank-area access are documented in filler-side and rear-floor images.
front_wings,front_body_panels,sent_to_painter,direct_photo_evidence,6,38,detached_body_panels_and_doors|detached_doors_and_panels,front_panel_lighting_mount_area|hood_and_front_windshield_overview|wing_removal_and_body_lift_prep,2026-04-23,2026-03-17 to 2026-04-21,20260423_183408_gp_eCiJmZnA.jpg|20260423_183448_gp_9MQfbmvQ.jpg|20260423_183514_gp_DyztXKcw.jpg|20260423_183521_gp_pjVN2Ujw.jpg|20260423_183540_gp_bhRdLpMg.jpg|20260423_183628_gp_SpWIfUnw.jpg,20260317_165030.jpg|20260317_165030_gp_j49pTsog.jpg|20260412_223216.jpg|20260419_190643_gp_UM5SilTQ.jpg|20260419_190654_gp_1EaxkrUA.jpg|20260419_190707_gp_WCc87lEg.jpg|20260419_190736_gp_ymvXBmNA.jpg|20260419_190741_gp_C3FddI9g.jpg,Front wings are tracked to paint from the April 23 send-day detached-parts batch; wing-removal photos are supporting context only.
paint_sendout_panels_manifest,paint_refinish,in_progress,direct_photo_evidence,21,4,detached_body_panels_and_doors|detached_doors_and_panels|rear_hatch_inner_panel|roof_gutter_and_window_channel,body_shell_with_doors_removed|rear_side_opening,2026-03-19 to 2026-04-23,2026-03-23 to 2026-05-17,20260319_182448.jpg|20260319_182449_gp_ttDAl3iw.jpg|20260408_211754.jpg|20260408_211756_gp_UFEU6uIA.jpg|20260408_211804.jpg|20260408_211806_gp_TbbCJsoQ.jpg|20260408_211812.jpg|20260408_211814_gp_hJ3szRKQ.jpg,20260323_201950.jpg|20260323_201957.jpg|20260517_195511_gp_iFvWFVNw.jpg|20260517_195628_gp_Wog59oFg.jpg,Detached panel/door batches and the April 23 roof image provide direct send-out evidence for painting.
paint_returned_panels_refinished,paint_refinish,partially_returned,direct_photo_evidence,30,4,refinished_hinges_brackets_and_trim|refinished_seat_or_mount_bracket|returned_painted_body_trim|returned_painted_brackets_and_trim|returned_painted_front_panel_headlamp_surround|returned_painted_front_wings|returned_painted_inner_panels_or_splash_shields|roof_gutter_and_window_channel|wiper_arm_or_linkage_hardware,front_panel_lighting_mount_area|panel_detail_and_markings,2026-04-12 to 2026-05-23,2026-03-29 to 2026-04-12,20260412_010623.jpg|20260412_010626_gp_4bK3TOAg.jpg|20260412_010633.jpg|20260412_010635_gp_rhjZ65YA.jpg|20260412_010644.jpg|20260412_010646_gp_vrcJK3ow.jpg|20260412_010652.jpg|20260412_010653_gp_jaxzr7Eg.jpg,20260329_051759_gp_xEzrDYhQ.jpg|20260329_051805_gp_oRw8XV8Q.jpg|20260329_095150_gp_3O2NOXyw.mp4|20260412_223216.jpg,"Off-vehicle refinished hardware/panel photos, the May 17 returned roof image, and the May 23 picker batch provide direct evidence of returned painted parts."
paint_workshop_progress_media,paint_refinish,evidence_tracking,direct_photo_evidence,5,19,off_vehicle_workstation_reference_video|panel_detail_and_markings,detached_body_panels_and_doors|detached_doors_and_panels,2026-03-29 to 2026-04-23,2026-03-19 to 2026-04-23,20260329_051759_gp_xEzrDYhQ.jpg|20260329_051805_gp_oRw8XV8Q.jpg|20260329_095138.mp4|20260329_095150_gp_3O2NOXyw.mp4|20260423_202614_gp_WU0G6duw.mp4,20260319_182448.jpg|20260319_182449_gp_ttDAl3iw.jpg|20260408_211754.jpg|20260408_211756_gp_UFEU6uIA.jpg|20260408_211804.jpg|20260408_211806_gp_TbbCJsoQ.jpg|20260408_211812.jpg|20260408_211814_gp_hJ3szRKQ.jpg,In-progress workshop videos and panel-handling shots track painting/bodywork activity between send-out and return; stripdown wing-removal photos are not direct paint evidence.
chassis_frame_and_crossmembers,chassis_underside,targeted_structural_welding_reported_complete_post_weld_qa_and_coating_pending,direct_photo_evidence,111,40,frame_and_mount_points|frame_floor_underside_and_lines|frame_rail_body_mount_and_crossmember_detail|front_frame_horns_bumper_and_steering_area|front_winch_crossmember_structure_context_20260722|major_round_tube_structural_crossbar_reinstatement_20260722|rear_frame_crossmember_and_mounts|rear_half_chassis_primer_application|rear_mid_frame_rail_and_hard_line_detail,rear_axle_and_leaf_springs|rear_axle_spring_hanger_and_crossmember|steering_and_suspension_linkages,2026-03-31 to 2026-07-22,2026-03-24 to 2026-05-14,20260331_030439_gp_Hm0ga9nQ.jpg|20260331_224409.jpg|20260331_224411_gp_xotdHr5w.jpg|20260331_224415.jpg|20260331_224416_gp_HZ3sjkkA.jpg|20260331_224423.jpg|20260331_224424_gp_whE84rpw.jpg|20260331_224428.jpg,20260324_004815_gp_Q9G5DYGw.jpg|20260324_004832_gp_5elxVhZw.jpg|20260324_004852.jpg|20260324_004855_gp_LX6anGdw.jpg|20260324_004901.jpg|20260324_004904_gp_idPFK8Og.jpg|20260324_004906.jpg|20260324_004909_gp_IC7fzX9A.jpg,"Body-off underside shots, May 1 post-brushing photos, July 4 rear-half primer photos, and the July 22 reinstated structural-crossbar image provide direct chassis/crossmember evidence. The new weld still needs both-end inspection, geometry/clearance checks, and coating touch-in."
major_structural_round_tube_crossbar_reinstatement_20260722,chassis_underside,reported_reinstalled_welded_post_weld_validation_pending,direct_photo_evidence,1,59,major_round_tube_structural_crossbar_reinstatement_20260722,frame_floor_underside_and_lines|front_winch_crossmember_structure_context_20260722,2026-07-22,2026-03-31 to 2026-07-22,20260722_000003_user_major_structural_crossbar_reinstalled.png,20260331_030439_gp_Hm0ga9nQ.jpg|20260331_224409.jpg|20260331_224411_gp_xotdHr5w.jpg|20260331_224415.jpg|20260331_224416_gp_HZ3sjkkA.jpg|20260331_224423.jpg|20260331_224424_gp_whE84rpw.jpg|20260331_224428.jpg,"July 22 image directly shows the major round-tube structural crossbar reinstated between the rails. Fabrication is reported complete; both ends, rail condition, geometry, driveline/line clearance and corrosion protection still require closeout evidence."
body_mount_points_and_captive_nuts,chassis_underside,inspection_pending,direct_photo_evidence,22,58,body_mount_and_crossmember_detail|frame_and_mount_points|frame_rail_body_mount_and_crossmember_detail,frame_floor_underside_and_lines,2026-04-05 to 2026-05-01,2026-03-31 to 2026-05-14,20260405_234542_gp_hucEa1CQ.jpg|20260405_234546.jpg|20260405_234547_gp_3iX5cWQQ.jpg|20260405_234654_gp_P3KYxxIA.jpg|20260405_234802.jpg|20260405_234812_gp_twNBeWvQ.jpg|20260405_234839.jpg|20260405_234840_gp_IoFfvLNw.jpg,20260331_030439_gp_Hm0ga9nQ.jpg|20260331_224409.jpg|20260331_224411_gp_xotdHr5w.jpg|20260331_224415.jpg|20260331_224416_gp_HZ3sjkkA.jpg|20260331_224423.jpg|20260331_224424_gp_whE84rpw.jpg|20260331_224428.jpg,Mount pedestal and frame-mount photos support thread/captive-nut condition checks before refit.
chassis_hard_lines_and_brackets,chassis_underside,inspection_pending,direct_photo_evidence,67,47,frame_floor_underside_and_lines|rear_mid_frame_rail_and_hard_line_detail,front_frame_horns_bumper_and_steering_area|rear_axle_and_leaf_springs|steering_and_suspension_linkages,2026-03-31 to 2026-05-14,2026-03-24 to 2026-05-14,20260331_030439_gp_Hm0ga9nQ.jpg|20260331_224409.jpg|20260331_224411_gp_xotdHr5w.jpg|20260331_224415.jpg|20260331_224416_gp_HZ3sjkkA.jpg|20260331_224423.jpg|20260331_224424_gp_whE84rpw.jpg|20260331_224428.jpg,20260324_004815_gp_Q9G5DYGw.jpg|20260324_004832_gp_5elxVhZw.jpg|20260324_004852.jpg|20260324_004855_gp_LX6anGdw.jpg|20260324_004901.jpg|20260324_004904_gp_idPFK8Og.jpg|20260324_004906.jpg|20260324_004909_gp_IC7fzX9A.jpg,Underbody routing photos and May 1 hard-line/rail shots give direct visibility to line paths/brackets and nearby support hardware.
issue_steering_box_mount_crack_check,chassis_underside,pending_work,direct_photo_evidence,23,11,front_frame_horns_bumper_and_steering_area|steering_and_suspension_linkages,frame_and_mount_points|suspension_or_linkage_mount,2026-04-06 to 2026-05-12,2026-04-05 to 2026-04-23,20260406_030839_gp_VYKBhRNA.jpg|20260406_030955.jpg|20260406_030958_gp_Zt93jqLQ.jpg|20260406_031010.jpg|20260406_031013_gp_Rlzc9rXQ.jpg|20260423_232220_gp_ezwEcH2g.jpg|20260423_232236_gp_caYB252g.jpg|20260501_193841_gp_ZwpHFiMA.jpg,20260405_234542_gp_hucEa1CQ.jpg|20260405_234547_gp_3iX5cWQQ.jpg|20260405_234654_gp_P3KYxxIA.jpg|20260405_234802.jpg|20260405_234812_gp_twNBeWvQ.jpg|20260405_234839.jpg|20260405_234840_gp_IoFfvLNw.jpg|20260411_220207.jpg,Steering linkage and nearby mount photos are the baseline evidence set for steering-box mount crack checks.
issue_front_spring_hanger_crack_check,chassis_underside,repair_reported_complete_validation_pending,direct_photo_evidence,33,9,rear_axle_and_leaf_springs|rear_axle_spring_hanger_and_crossmember|suspension_or_linkage_mount,frame_and_mount_points,2026-03-24 to 2026-05-14,2026-04-05 to 2026-04-23,20260324_004815_gp_Q9G5DYGw.jpg|20260324_004832_gp_5elxVhZw.jpg|20260324_004852.jpg|20260324_004855_gp_LX6anGdw.jpg|20260324_004901.jpg|20260324_004904_gp_idPFK8Og.jpg|20260324_004906.jpg|20260324_004909_gp_IC7fzX9A.jpg,20260405_234542_gp_hucEa1CQ.jpg|20260405_234547_gp_3iX5cWQQ.jpg|20260405_234654_gp_P3KYxxIA.jpg|20260405_234802.jpg|20260405_234812_gp_twNBeWvQ.jpg|20260405_234839.jpg|20260405_234840_gp_IoFfvLNw.jpg|20260423_232202_gp_ryYH6xZg.jpg,Spring and hanger views provide direct evidence for crack/deformation checks around hanger brackets.
issue_crossmember_end_thinning_check,chassis_underside,pending_work,direct_photo_evidence,23,81,body_mount_and_crossmember_detail|frame_rail_body_mount_and_crossmember_detail|rear_frame_crossmember_and_mounts|rear_mid_frame_rail_and_hard_line_detail,frame_and_mount_points|frame_floor_underside_and_lines|front_frame_horns_bumper_and_steering_area,2026-04-05 to 2026-05-01,2026-03-31 to 2026-05-14,20260405_234541.jpg|20260405_234546.jpg|20260501_193533_gp_sDErdvGw.jpg|20260501_193542_gp_U7e0J0iA.jpg|20260501_193554_gp_EU4bmOlg.jpg|20260501_193603_gp_9zd2mD6w.jpg|20260501_193609_gp_f5PDj87Q.jpg|20260501_193618_gp_EFciJdww.jpg,20260331_030439_gp_Hm0ga9nQ.jpg|20260331_224409.jpg|20260331_224411_gp_xotdHr5w.jpg|20260331_224415.jpg|20260331_224416_gp_HZ3sjkkA.jpg|20260331_224423.jpg|20260331_224424_gp_whE84rpw.jpg|20260331_224428.jpg,Crossmember and mount-detail photos are used to inspect end-wall thinning and edge corrosion.
issue_body_mount_captive_thread_repair,chassis_underside,pending_work,direct_photo_evidence,22,58,body_mount_and_crossmember_detail|frame_and_mount_points|frame_rail_body_mount_and_crossmember_detail,frame_floor_underside_and_lines,2026-04-05 to 2026-05-01,2026-03-31 to 2026-05-14,20260405_234542_gp_hucEa1CQ.jpg|20260405_234546.jpg|20260405_234547_gp_3iX5cWQQ.jpg|20260405_234654_gp_P3KYxxIA.jpg|20260405_234802.jpg|20260405_234812_gp_twNBeWvQ.jpg|20260405_234839.jpg|20260405_234840_gp_IoFfvLNw.jpg,20260331_030439_gp_Hm0ga9nQ.jpg|20260331_224409.jpg|20260331_224411_gp_xotdHr5w.jpg|20260331_224415.jpg|20260331_224416_gp_HZ3sjkkA.jpg|20260331_224423.jpg|20260331_224424_gp_whE84rpw.jpg|20260331_224428.jpg,Body-mount pedestal and mount-point photos cover captive-nut and sleeve/thread repair planning.
issue_brake_fuel_line_clip_corrosion,chassis_underside,pending_work,direct_photo_evidence,67,47,frame_floor_underside_and_lines|rear_mid_frame_rail_and_hard_line_detail,front_frame_horns_bumper_and_steering_area|rear_axle_and_leaf_springs|steering_and_suspension_linkages,2026-03-31 to 2026-05-14,2026-03-24 to 2026-05-14,20260331_030439_gp_Hm0ga9nQ.jpg|20260331_224409.jpg|20260331_224411_gp_xotdHr5w.jpg|20260331_224415.jpg|20260331_224416_gp_HZ3sjkkA.jpg|20260331_224423.jpg|20260331_224424_gp_whE84rpw.jpg|20260331_224428.jpg,20260324_004815_gp_Q9G5DYGw.jpg|20260324_004832_gp_5elxVhZw.jpg|20260324_004852.jpg|20260324_004855_gp_LX6anGdw.jpg|20260324_004901.jpg|20260324_004904_gp_idPFK8Og.jpg|20260324_004906.jpg|20260324_004909_gp_IC7fzX9A.jpg,Underbody line-routing photos and May 1 rail/hard-line details are the primary evidence for clip/bracket corrosion and hard-line condition checks.
issue_chassis_ground_points_refresh,chassis_underside,pending_work,direct_photo_evidence,70,24,frame_floor_underside_and_lines|frame_rail_body_mount_and_crossmember_detail,driver_footwell_firewall_and_wiring|front_frame_horns_bumper_and_steering_area|steering_and_suspension_linkages,2026-03-31 to 2026-05-14,2026-03-21 to 2026-05-12,20260331_030439_gp_Hm0ga9nQ.jpg|20260331_224409.jpg|20260331_224411_gp_xotdHr5w.jpg|20260331_224415.jpg|20260331_224416_gp_HZ3sjkkA.jpg|20260331_224423.jpg|20260331_224424_gp_whE84rpw.jpg|20260331_224428.jpg,20260321_235600.jpg|20260406_030839_gp_VYKBhRNA.jpg|20260406_030955.jpg|20260406_030958_gp_Zt93jqLQ.jpg|20260406_031010.jpg|20260406_031013_gp_Rlzc9rXQ.jpg|20260423_232220_gp_ezwEcH2g.jpg|20260423_232236_gp_caYB252g.jpg,Frame and lower bay views provide context for grounding point cleanup and re-termination planning.
chassis_wire_brush_status_20260501,chassis_underside,front_underprep_majority_done_primer_next,direct_photo_evidence,42,19,frame_rail_body_mount_and_crossmember_detail|front_frame_horns_bumper_and_steering_area|rear_axle_spring_hanger_and_crossmember|rear_mid_frame_rail_and_hard_line_detail,engine_powertrain_cleaning_baseline,2026-04-22 to 2026-05-12,2026-05-01 to 2026-05-12,20260422_004254_gp_SplHLSYA.jpg|20260422_004257_gp_cxEZbZoQ.jpg|20260422_004301_gp_SU89hisw.jpg|20260501_193533_gp_sDErdvGw.jpg|20260501_193542_gp_U7e0J0iA.jpg|20260501_193554_gp_EU4bmOlg.jpg|20260501_193603_gp_9zd2mD6w.jpg|20260501_193609_gp_f5PDj87Q.jpg,20260501_194330_gp_CogcrEXA.jpg|20260501_194338_gp_81Nj4SVA.jpg|20260501_194344_gp_V7P0qatA.jpg|20260501_194402_gp_W9J4rcsw.jpg|20260501_194414_gp_gdDllc8Q.jpg|20260501_194421_gp_toAeFYqg.jpg|20260501_194427_gp_QjfOBtTQ.jpg|20260501_194435_gp_ewUJAfPA.jpg,May 1 photos directly document the current post-wire-brushing chassis state and the remaining rust-prep closeout zones.
chassis_missing_welded_bracket_survey_20260508,chassis_underside,targeted_welding_reported_complete_remaining_bracket_audit_pending,direct_photo_evidence,48,25,frame_rail_body_mount_and_crossmember_detail|frame_rail_body_mount_and_hard_line_detail|front_frame_horns_bumper_and_radiator_support|front_frame_horns_bumper_and_steering_area|rear_mid_frame_rail_and_hard_line_detail,engine_bay_chassis_interface|engine_powertrain_cleaning_baseline,2026-04-22 to 2026-05-12,2026-04-22 to 2026-05-12,20260422_004306_gp_vGlNr2UA.jpg|20260422_004311_gp_994KQ0Pw.jpg|20260422_004323_gp_JD88KuWQ.jpg|20260422_004323_gp_JD88KuWQ_2.jpg|20260422_004332_gp_7d5uYWQQ.jpg|20260422_004332_gp_7d5uYWQQ_2.jpg|20260422_004423_gp_B1N5ThVw.jpg|20260422_004423_gp_B1N5ThVw_2.jpg,20260422_004347_gp_WIy0j6zw.jpg|20260422_004347_gp_WIy0j6zw_2.jpg|20260422_004356_gp_vTFgPfAQ.jpg|20260422_004356_gp_vTFgPfAQ_2.jpg|20260422_004412_gp_OclpaTdg.jpg|20260422_004412_gp_OclpaTdg_2.jpg|20260501_194330_gp_CogcrEXA.jpg|20260501_194338_gp_81Nj4SVA.jpg,"Existing body-off chassis photos provide the survey baseline, but the task remains open until current close-ups label every missing, wire-tied, or required bracket."
chassis_bracket_analysis_register_20260508,chassis_underside,as_built_repairs_recorded_validation_pending,direct_photo_evidence,55,25,battery_side_tray_structure_context|frame_rail_body_mount_and_crossmember_detail|frame_rail_body_mount_and_hard_line_detail|front_frame_horns_bumper_and_radiator_support|front_frame_horns_bumper_and_steering_area|front_support_radiator_pickups_context|rear_mid_frame_rail_and_hard_line_detail,engine_bay_chassis_interface|engine_powertrain_cleaning_baseline,2026-04-22 to 2026-05-29,2026-04-22 to 2026-05-12,20260422_004306_gp_vGlNr2UA.jpg|20260422_004311_gp_994KQ0Pw.jpg|20260422_004323_gp_JD88KuWQ.jpg|20260422_004323_gp_JD88KuWQ_2.jpg|20260422_004332_gp_7d5uYWQQ.jpg|20260422_004332_gp_7d5uYWQQ_2.jpg|20260422_004423_gp_B1N5ThVw.jpg|20260422_004423_gp_B1N5ThVw_2.jpg,20260422_004347_gp_WIy0j6zw.jpg|20260422_004347_gp_WIy0j6zw_2.jpg|20260422_004356_gp_vTFgPfAQ.jpg|20260422_004356_gp_vTFgPfAQ_2.jpg|20260422_004412_gp_OclpaTdg.jpg|20260422_004412_gp_OclpaTdg_2.jpg|20260501_194330_gp_CogcrEXA.jpg|20260501_194338_gp_81Nj4SVA.jpg,"Use the existing body-off chassis photos as baseline evidence, then close this row only after a station-by-station bracket register records function, condition, evidence, and coating impact."
chassis_bracket_design_release_20260508,chassis_underside,released_repairs_reported_complete_as_built_validation_pending,direct_photo_evidence,43,33,battery_side_tray_structure_context|frame_rail_body_mount_and_hard_line_detail|front_frame_horns_bumper_and_radiator_support|front_frame_horns_bumper_and_steering_area|front_support_radiator_pickups_context|rear_mid_frame_rail_and_hard_line_detail,engine_bay_chassis_interface|engine_bay_overview|frame_rail_body_mount_and_crossmember_detail,2026-04-22 to 2026-05-29,2026-03-17 to 2026-05-01,20260422_004306_gp_vGlNr2UA.jpg|20260422_004311_gp_994KQ0Pw.jpg|20260422_004323_gp_JD88KuWQ.jpg|20260422_004323_gp_JD88KuWQ_2.jpg|20260422_004332_gp_7d5uYWQQ.jpg|20260422_004332_gp_7d5uYWQQ_2.jpg|20260422_004423_gp_B1N5ThVw.jpg|20260422_004423_gp_B1N5ThVw_2.jpg,20260317_235150.jpg|20260317_235152_gp_yJFNNGlA.jpg|20260317_235201.jpg|20260317_235204_gp_14hUn3XA.jpg|20260317_235216.jpg|20260317_235219_gp_rjDgGWZw.jpg|20260317_235229.jpg|20260317_235232_gp_3Ojs4Rag.jpg,"Location photos support the bracket design baseline, but released sketches/templates with material, hole/stud, bend, datum, and clearance decisions are still required before fabrication."
chassis_bracket_fabrication_install_20260508,chassis_underside,targeted_welding_reported_complete_post_weld_qa_pending,direct_photo_evidence,39,25,frame_rail_body_mount_and_hard_line_detail|front_frame_horns_bumper_and_radiator_support|front_frame_horns_bumper_and_steering_area|front_radiator_two_side_retention_20260722|front_winch_crossmember_structure_context_20260722|major_round_tube_structural_crossbar_reinstatement_20260722|rear_mid_frame_rail_and_hard_line_detail,engine_bay_chassis_interface|engine_powertrain_cleaning_baseline,2026-04-22 to 2026-07-22,2026-04-22 to 2026-05-12,20260422_004306_gp_vGlNr2UA.jpg|20260422_004311_gp_994KQ0Pw.jpg|20260422_004323_gp_JD88KuWQ.jpg|20260422_004323_gp_JD88KuWQ_2.jpg|20260422_004332_gp_7d5uYWQQ.jpg|20260422_004332_gp_7d5uYWQQ_2.jpg|20260422_004423_gp_B1N5ThVw.jpg|20260422_004423_gp_B1N5ThVw_2.jpg,20260422_004347_gp_WIy0j6zw.jpg|20260422_004347_gp_WIy0j6zw_2.jpg|20260422_004356_gp_vTFgPfAQ.jpg|20260422_004356_gp_vTFgPfAQ_2.jpg|20260422_004412_gp_OclpaTdg.jpg|20260422_004412_gp_OclpaTdg_2.jpg|20260501_194330_gp_CogcrEXA.jpg|20260501_194338_gp_81Nj4SVA.jpg,"July 22 images show the second radiator arm and reinstated structural crossbar after fabrication. Physical work is reported complete; closure still needs close weld/geometry/clearance evidence, radiator dry fit, and primer/Raptor touch-in."
chassis_bracket_validation_release_20260508,chassis_underside,all_reported_welder_repairs_validation_and_coating_touch_in_pending,direct_photo_evidence,51,25,frame_rail_body_mount_and_crossmember_detail|frame_rail_body_mount_and_hard_line_detail|front_frame_horns_bumper_and_radiator_support|front_frame_horns_bumper_and_steering_area|front_radiator_two_side_retention_20260722|front_winch_crossmember_structure_context_20260722|major_round_tube_structural_crossbar_reinstatement_20260722|rear_mid_frame_rail_and_hard_line_detail,engine_bay_chassis_interface|engine_powertrain_cleaning_baseline,2026-04-22 to 2026-07-22,2026-04-22 to 2026-05-12,20260422_004306_gp_vGlNr2UA.jpg|20260422_004311_gp_994KQ0Pw.jpg|20260422_004323_gp_JD88KuWQ.jpg|20260422_004323_gp_JD88KuWQ_2.jpg|20260422_004332_gp_7d5uYWQQ.jpg|20260422_004332_gp_7d5uYWQQ_2.jpg|20260422_004423_gp_B1N5ThVw.jpg|20260422_004423_gp_B1N5ThVw_2.jpg,20260422_004347_gp_WIy0j6zw.jpg|20260422_004347_gp_WIy0j6zw_2.jpg|20260422_004356_gp_vTFgPfAQ.jpg|20260422_004356_gp_vTFgPfAQ_2.jpg|20260422_004412_gp_OclpaTdg.jpg|20260422_004412_gp_OclpaTdg_2.jpg|20260501_194330_gp_CogcrEXA.jpg|20260501_194338_gp_81Nj4SVA.jpg,"Baseline and July 22 installed-work photos support the validation checklist. Final release still requires close weld/heat-affected-zone views, geometry and clearance measurements, radiator/isolator dry fit, and coating restoration."
front_radiator_bracket_repair_20260508,front_support,second_arm_welded_radiator_dry_fit_and_coating_pending,direct_photo_evidence,19,21,cooling_hoses_fan_belt_and_radiator_support|front_frame_horns_bumper_and_radiator_support|front_radiator_two_side_retention_20260722|front_support_radiator_pickups_context,engine_bay_chassis_interface|engine_bay_overview,2026-04-22 to 2026-07-22,2026-03-17 to 2026-04-23,20260422_004423_gp_B1N5ThVw.jpg|20260422_004423_gp_B1N5ThVw_2.jpg|20260422_004429_gp_4emWbTrA.jpg|20260422_004429_gp_4emWbTrA_2.jpg|20260422_004436_gp_yjCPMWTg.jpg|20260422_004436_gp_yjCPMWTg_2.jpg|20260430_215957_gp_2iBbUagw.jpg|20260430_220004_gp_C9oYiYmA.jpg,20260317_235150.jpg|20260317_235152_gp_yJFNNGlA.jpg|20260317_235201.jpg|20260317_235204_gp_14hUn3XA.jpg|20260317_235216.jpg|20260317_235219_gp_rjDgGWZw.jpg|20260317_235229.jpg|20260317_235232_gp_3Ojs4Rag.jpg,"July 22 front-structure evidence shows the second radiator arm present and reported welded. Fabrication is complete; closure still needs weld/heat-affected-zone closeups, side-to-side geometry, radiator/isolator dry fit, fan/shroud/hose/bonnet clearance, and coating touch-in."
front_radiator_two_side_retention_fabrication_20260508,front_support,second_arm_welded_alignment_and_radiator_fit_validation_pending,direct_photo_evidence,19,21,cooling_hoses_fan_belt_and_radiator_support|front_frame_horns_bumper_and_radiator_support|front_radiator_two_side_retention_20260722|front_support_radiator_pickups_context,engine_bay_chassis_interface|engine_bay_overview,2026-04-22 to 2026-07-22,2026-03-17 to 2026-04-23,20260422_004423_gp_B1N5ThVw.jpg|20260422_004423_gp_B1N5ThVw_2.jpg|20260422_004429_gp_4emWbTrA.jpg|20260422_004429_gp_4emWbTrA_2.jpg|20260422_004436_gp_yjCPMWTg.jpg|20260422_004436_gp_yjCPMWTg_2.jpg|20260430_215957_gp_2iBbUagw.jpg|20260430_220004_gp_C9oYiYmA.jpg,20260317_235150.jpg|20260317_235152_gp_yJFNNGlA.jpg|20260317_235201.jpg|20260317_235204_gp_14hUn3XA.jpg|20260317_235216.jpg|20260317_235219_gp_rjDgGWZw.jpg|20260317_235229.jpg|20260317_235232_gp_3Ojs4Rag.jpg,"The July 22 front-structure photo shows both radiator arms and supports the report that the second arm is welded in. Keep installation release open for weld inspection, pickup alignment, rubber isolation, radiator dry fit and fan/shroud/hose clearance."
battery_tray_holder_bracket_repair_20260508,engine_bay,battery_and_tray_measurements_imported,direct_photo_evidence,7,40,battery_side_tray_structure_context|existing_battery_mount_tray_measurements|installed_battery_dimension_reference,engine_bay_chassis_interface|engine_bay_overview|engine_powertrain_cleaning_baseline,2026-05-12 to 2026-05-17,2026-03-17 to 2026-05-12,20260512_100100_user_battery_side_tray_structure_context.png|20260517_194303_gp_5yuaRoaA.jpg|20260517_194313_gp_HolDWYeQ.jpg|20260517_194431_gp_4XVycxAg.jpg|20260517_194439_gp_K63N2nJw.jpg|20260517_194452_gp_ow8njPsw.jpg|20260517_194511_gp_QI0Ua2yQ.jpg,20260317_235150.jpg|20260317_235152_gp_yJFNNGlA.jpg|20260317_235201.jpg|20260317_235204_gp_14hUn3XA.jpg|20260317_235216.jpg|20260317_235219_gp_rjDgGWZw.jpg|20260317_235229.jpg|20260317_235232_gp_3Ojs4Rag.jpg,"Engine-bay overview photos show the battery-side location; May 17 adds actual installed-battery dimension and existing tray/mount ruler evidence, while underside foot condition and dry-fit pickup templates still need closure."
battery_power_carrier_mount_fabrication_20260508,engine_bay,actual_battery_and_mount_measurements_imported,direct_photo_evidence,7,21,battery_side_tray_structure_context|existing_battery_mount_tray_measurements|installed_battery_dimension_reference,engine_bay_chassis_interface|engine_bay_overview,2026-05-12 to 2026-05-17,2026-03-17 to 2026-04-23,20260512_100100_user_battery_side_tray_structure_context.png|20260517_194303_gp_5yuaRoaA.jpg|20260517_194313_gp_HolDWYeQ.jpg|20260517_194431_gp_4XVycxAg.jpg|20260517_194439_gp_K63N2nJw.jpg|20260517_194452_gp_ow8njPsw.jpg|20260517_194511_gp_QI0Ua2yQ.jpg,20260317_235150.jpg|20260317_235152_gp_yJFNNGlA.jpg|20260317_235201.jpg|20260317_235204_gp_14hUn3XA.jpg|20260317_235216.jpg|20260317_235219_gp_rjDgGWZw.jpg|20260317_235229.jpg|20260317_235232_gp_3Ojs4Rag.jpg,"Procurement photos document the MIDI/cutoff hardware separately; May 17 battery and existing tray measurements now provide the real carrier datum, but cardboard/flat-bar mock-up and final pickup release photos are still required before cutting."
engine_bay_mounting_scouting_pass_20260508,engine_bay,radiator_and_battery_measurements_imported_mount_template_required,direct_photo_evidence,40,6,battery_side_tray_structure_context|cooling_hoses_fan_belt_and_radiator_support|engine_bay_overview|existing_battery_mount_tray_measurements|front_frame_horns_bumper_and_radiator_support|front_support_radiator_pickups_context|installed_battery_dimension_reference,engine_bay_chassis_interface,2026-03-17 to 2026-05-29,2026-04-22,20260317_235150.jpg|20260317_235152_gp_yJFNNGlA.jpg|20260317_235201.jpg|20260317_235204_gp_14hUn3XA.jpg|20260317_235216.jpg|20260317_235219_gp_rjDgGWZw.jpg|20260317_235229.jpg|20260317_235232_gp_3Ojs4Rag.jpg,20260422_004347_gp_WIy0j6zw.jpg|20260422_004347_gp_WIy0j6zw_2.jpg|20260422_004356_gp_vTFgPfAQ.jpg|20260422_004356_gp_vTFgPfAQ_2.jpg|20260422_004412_gp_OclpaTdg.jpg|20260422_004412_gp_OclpaTdg_2.jpg,"Current photos are enough to start the radiator/battery/power-carrier plan; May 17 imports actual battery and tray/mount measurements, while cardboard mock-up, cable sweep, and pickup release checks remain open."
auxiliary_chassis_tabs_and_clip_brackets_20260508,chassis_underside,pre_coating_hold,direct_photo_evidence,15,20,frame_rail_body_mount_and_hard_line_detail|rear_mid_frame_rail_and_hard_line_detail,engine_bay_chassis_interface|front_frame_horns_bumper_and_steering_area,2026-04-22 to 2026-05-01,2026-04-22 to 2026-05-12,20260422_004306_gp_vGlNr2UA.jpg|20260422_004311_gp_994KQ0Pw.jpg|20260422_004323_gp_JD88KuWQ.jpg|20260422_004323_gp_JD88KuWQ_2.jpg|20260422_004332_gp_7d5uYWQQ.jpg|20260422_004332_gp_7d5uYWQQ_2.jpg|20260501_194026_gp_gjPjhxdA.jpg|20260501_194041_gp_6zRIFJUw.jpg,20260422_004347_gp_WIy0j6zw.jpg|20260422_004347_gp_WIy0j6zw_2.jpg|20260422_004356_gp_vTFgPfAQ.jpg|20260422_004356_gp_vTFgPfAQ_2.jpg|20260422_004412_gp_OclpaTdg.jpg|20260422_004412_gp_OclpaTdg_2.jpg|20260501_193841_gp_ZwpHFiMA.jpg|20260501_193847_gp_uHWO7Bdw.jpg,Hard-line and frame-rail photos show existing clip/tab areas; current audit photos are still required before deciding which auxiliary tabs to weld.
exhaust_mockup_brackets_before_coating_20260508,exhaust_system,coordination_hold,indirect_photo_evidence_only,0,37,,engine_bay_chassis_interface|engine_powertrain_cleaning_baseline|frame_rail_body_mount_and_crossmember_detail,,2026-04-22 to 2026-05-12,,20260422_004347_gp_WIy0j6zw.jpg|20260422_004347_gp_WIy0j6zw_2.jpg|20260422_004356_gp_vTFgPfAQ.jpg|20260422_004356_gp_vTFgPfAQ_2.jpg|20260422_004412_gp_OclpaTdg.jpg|20260422_004412_gp_OclpaTdg_2.jpg|20260501_193533_gp_sDErdvGw.jpg|20260501_193542_gp_U7e0J0iA.jpg,Current photo inventory has no dedicated exhaust mock-up evidence; chassis and engine-bay photos only support routing context.
engine_powertrain_cleaning_20260501,engine_bay,queued,direct_photo_evidence,19,23,engine_powertrain_cleaning_baseline,front_frame_horns_bumper_and_steering_area|rear_mid_frame_rail_and_hard_line_detail,2026-05-01 to 2026-05-12,2026-05-01 to 2026-05-12,20260501_194330_gp_CogcrEXA.jpg|20260501_194338_gp_81Nj4SVA.jpg|20260501_194344_gp_V7P0qatA.jpg|20260501_194402_gp_W9J4rcsw.jpg|20260501_194414_gp_gdDllc8Q.jpg|20260501_194421_gp_toAeFYqg.jpg|20260501_194427_gp_QjfOBtTQ.jpg|20260501_194435_gp_ewUJAfPA.jpg,20260501_193841_gp_ZwpHFiMA.jpg|20260501_193847_gp_uHWO7Bdw.jpg|20260501_193856_gp_M78kWBlQ.jpg|20260501_193904_gp_GgWYRulA.jpg|20260501_193915_gp_lII00tCA.jpg|20260501_193924_gp_KK717O7g.jpg|20260501_193935_gp_FPwZZHZA.jpg|20260501_193944_gp_smzZc4nw.jpg,"May 1 engine, gearbox, transfer, steering, and driveline photos directly document the cleaning baseline before degreasing and leak inspection."
gearbox_top_cover_shift_tower_20260518,gearbox,workstream_added,direct_photo_evidence,22,4,bellhousing_clutch_linkage_and_gearbox_case|engine_powertrain_cleaning_baseline,transmission_crossmember_and_driveline_mounts,2026-04-30 to 2026-05-12,2026-04-22,20260430_215915_gp_ycQ395Gg.jpg|20260430_215939_gp_EjZ7u1ow.jpg|20260430_233755_gp_DO69MLAA.jpg|20260501_194330_gp_CogcrEXA.jpg|20260501_194338_gp_81Nj4SVA.jpg|20260501_194344_gp_V7P0qatA.jpg|20260501_194402_gp_W9J4rcsw.jpg|20260501_194414_gp_gdDllc8Q.jpg,20260422_004319_gp_Ttqz46Sw.jpg|20260422_004319_gp_Ttqz46Sw_2.jpg|20260422_004338_gp_35uwfApA.jpg|20260422_004338_gp_35uwfApA_2.jpg,"Gearbox case, bellhousing, linkage, underside, and May 12 powertrain views support top-cover identification and shift-tower planning; open-top inspection photos are still required before parts release."
gearbox_oil_service_drain_inspect_refill_20260529,gearbox,workstream_added,direct_photo_evidence,22,4,bellhousing_clutch_linkage_and_gearbox_case|engine_powertrain_cleaning_baseline,transmission_crossmember_and_driveline_mounts,2026-04-30 to 2026-05-12,2026-04-22,20260430_215915_gp_ycQ395Gg.jpg|20260430_215939_gp_EjZ7u1ow.jpg|20260430_233755_gp_DO69MLAA.jpg|20260501_194330_gp_CogcrEXA.jpg|20260501_194338_gp_81Nj4SVA.jpg|20260501_194344_gp_V7P0qatA.jpg|20260501_194402_gp_W9J4rcsw.jpg|20260501_194414_gp_gdDllc8Q.jpg,20260422_004319_gp_Ttqz46Sw.jpg|20260422_004319_gp_Ttqz46Sw_2.jpg|20260422_004338_gp_35uwfApA.jpg|20260422_004338_gp_35uwfApA_2.jpg,"Existing gearbox and powertrain photos establish location and access context. Closeout still needs fill plug, drain plug, oil sample, drain plug debris, oil product, refill, and leak-check photos."
rear_differential_axle_inspection_20260517,rear_axle,inspection_plan_added,direct_photo_evidence,25,74,rear_axle_and_leaf_springs|rear_differential_carrier_and_axle_housing,frame_floor_underside_and_lines|rear_axle_spring_hanger_and_crossmember|rear_mid_frame_rail_and_hard_line_detail,2026-03-24 to 2026-05-17,2026-03-31 to 2026-05-14,20260324_004815_gp_Q9G5DYGw.jpg|20260324_004832_gp_5elxVhZw.jpg|20260324_004852.jpg|20260324_004855_gp_LX6anGdw.jpg|20260324_004901.jpg|20260324_004904_gp_idPFK8Og.jpg|20260324_004906.jpg|20260324_004909_gp_IC7fzX9A.jpg,20260331_030439_gp_Hm0ga9nQ.jpg|20260331_224409.jpg|20260331_224411_gp_xotdHr5w.jpg|20260331_224415.jpg|20260331_224416_gp_HZ3sjkkA.jpg|20260331_224423.jpg|20260331_224424_gp_whE84rpw.jpg|20260331_224428.jpg,"User-supplied May 17 differential carrier/pumpkin close-up triggers a rear differential/axle teardown inspection plan; existing rear axle, brake-line, and spring photos provide supporting route and access context. Closure needs DIFF-CAPTURE-001 with oil/debris, breather, carrier sealing, gear teeth, axle seal/bearing, fill, and leak-check evidence."
brake_system_evidence_pack,brakes,replacement_evidence_added,direct_photo_evidence,131,2,brake_booster_servo_removed_sample|frame_and_mount_points|frame_floor_underside_and_lines|front_sumitomo_disc_caliper_and_rotor_baseline|rear_axle_and_leaf_springs|rear_drum_backing_plate_contact_and_anchor_area|rear_drum_brake_current_parts_inventory_20260705|rear_drum_brake_removed_hardware_layout|rear_drum_hold_down_spring_pin_set_reconditioned_20260712|rear_drum_hub_and_backing_plate_condition_20260716|rear_drum_parking_brake_reconditioned_hardware_20260712|rear_drum_reconditioned_hardware_update_20260716|steering_and_suspension_linkages,suspension_or_linkage_mount,2026-03-24 to 2026-07-16,2026-04-11,20260324_004815_gp_Q9G5DYGw.jpg|20260324_004832_gp_5elxVhZw.jpg|20260324_004852.jpg|20260324_004855_gp_LX6anGdw.jpg|20260324_004901.jpg|20260324_004904_gp_idPFK8Og.jpg|20260324_004906.jpg|20260324_004909_gp_IC7fzX9A.jpg,20260411_220207.jpg|20260411_220214.jpg,"Brake evidence pack combines direct Sumitomo front-disc closeups, rear axle hardware views, underbody hard-line photos, removed booster/servo sample, and July 12 reconditioned rear drum/parking-brake hardware. May 29 owner confirmation treats the brake parts as replacement scope, with old parts retained only as samples."
front_brake_disc_baseline,brakes,sumitomo_front_disc_identified_measurement_pending,direct_photo_evidence,13,11,front_sumitomo_disc_caliper_and_rotor_baseline|steering_and_suspension_linkages,frame_and_mount_points|suspension_or_linkage_mount,2026-04-06 to 2026-05-29,2026-04-05 to 2026-04-23,20260406_030839_gp_VYKBhRNA.jpg|20260406_030955.jpg|20260406_030958_gp_Zt93jqLQ.jpg|20260406_031010.jpg|20260406_031013_gp_Rlzc9rXQ.jpg|20260423_232220_gp_ezwEcH2g.jpg|20260423_232236_gp_caYB252g.jpg|20260512_072913_gp_g3iLrvfw.jpg,20260405_234542_gp_hucEa1CQ.jpg|20260405_234547_gp_3iX5cWQQ.jpg|20260405_234654_gp_P3KYxxIA.jpg|20260405_234802.jpg|20260405_234812_gp_twNBeWvQ.jpg|20260405_234839.jpg|20260405_234840_gp_IoFfvLNw.jpg|20260411_220207.jpg,"May 29 closeups directly identify the front disc baseline as visible Sumitomo fixed-caliper hardware with bridge pipe, hose/hard-line routing, dust shield, and rotor; older steering/linkage photos remain supporting context."
rear_brake_drum_baseline,brakes,non_friction_hardware_reported_complete_correct_k2221_shoes_purchase_pending,direct_photo_evidence,47,58,rear_axle_and_leaf_springs|rear_brake_shoe_fit_rejection_20260722|rear_drum_backing_plate_contact_and_anchor_area|rear_drum_brake_current_parts_inventory_20260705|rear_drum_brake_removed_hardware_layout|rear_drum_hold_down_hardware_pool_complete_20260722|rear_drum_hold_down_spring_pin_set_reconditioned_20260712|rear_drum_hub_and_backing_plate_condition_20260716|rear_drum_operating_parking_brake_hardware_pool_complete_20260722|rear_drum_parking_brake_reconditioned_hardware_20260712|rear_drum_reconditioned_hardware_update_20260716,frame_floor_underside_and_lines,2026-03-24 to 2026-07-22,2026-03-31 to 2026-05-14,20260324_004815_gp_Q9G5DYGw.jpg|20260324_004832_gp_5elxVhZw.jpg|20260324_004852.jpg|20260324_004855_gp_LX6anGdw.jpg|20260324_004901.jpg|20260324_004904_gp_idPFK8Og.jpg|20260324_004906.jpg|20260324_004909_gp_IC7fzX9A.jpg,20260331_030439_gp_Hm0ga9nQ.jpg|20260331_224409.jpg|20260331_224411_gp_xotdHr5w.jpg|20260331_224415.jpg|20260331_224416_gp_HZ3sjkkA.jpg|20260331_224423.jpg|20260331_224424_gp_whE84rpw.jpg|20260331_224428.jpg,"Rear axle/drum images plus the July 22 hold-down and operating-hardware photos document the reported-complete non-friction parts pool. The July 22 fit photo rejects K-2255 as too wide; correct K-2221 shoes, hardware count/condition/layout checks, rusty drum/backing-plate preparation, assembly and functional validation remain open."
rear_brake_cable_line_refresh,brakes,sample_parts_photo_intake_added,direct_photo_evidence,44,74,rear_axle_and_leaf_springs|rear_drum_backing_plate_contact_and_anchor_area|rear_drum_brake_current_parts_inventory_20260705|rear_drum_brake_removed_hardware_layout|rear_drum_hold_down_spring_pin_set_reconditioned_20260712|rear_drum_hub_and_backing_plate_condition_20260716|rear_drum_parking_brake_reconditioned_hardware_20260712|rear_drum_reconditioned_hardware_update_20260716,frame_floor_underside_and_lines|rear_axle_spring_hanger_and_crossmember|rear_mid_frame_rail_and_hard_line_detail,2026-03-24 to 2026-07-16,2026-03-31 to 2026-05-14,20260324_004815_gp_Q9G5DYGw.jpg|20260324_004832_gp_5elxVhZw.jpg|20260324_004852.jpg|20260324_004855_gp_LX6anGdw.jpg|20260324_004901.jpg|20260324_004904_gp_idPFK8Og.jpg|20260324_004906.jpg|20260324_004909_gp_IC7fzX9A.jpg,20260331_030439_gp_Hm0ga9nQ.jpg|20260331_224409.jpg|20260331_224411_gp_xotdHr5w.jpg|20260331_224415.jpg|20260331_224416_gp_HZ3sjkkA.jpg|20260331_224423.jpg|20260331_224424_gp_whE84rpw.jpg|20260331_224428.jpg,"Rear axle/drum photos directly show the parking-brake cable/linkage, axle-end hard-line routing, removed spring/lever hardware, and July 12 reconditioned pieces. Small clevis/equalizer/spring/clip hardware remains controlled separately."
rear_parking_brake_attachment_hardware_20260527,brakes,hardware_pool_reported_complete_install_validation_pending,direct_photo_evidence,21,29,rear_axle_and_leaf_springs|rear_drum_brake_current_parts_inventory_20260705|rear_drum_brake_removed_hardware_layout|rear_drum_hold_down_hardware_pool_complete_20260722|rear_drum_hold_down_spring_pin_set_reconditioned_20260712|rear_drum_operating_parking_brake_hardware_pool_complete_20260722|rear_drum_parking_brake_reconditioned_hardware_20260712|rear_drum_reconditioned_hardware_update_20260716,rear_axle_and_leaf_springs|rear_axle_spring_hanger_and_crossmember,2026-05-14 to 2026-07-22,2026-03-24 to 2026-05-14,20260514_095953_gp_BXoQkXnw.jpg|20260514_100003_gp_Vr2QI7ig.jpg|20260704_231547_gp_q267TkIw.jpg|20260704_232054_gp_1mnxabPQ.jpg|20260705_022516_gp_eApLw4Zg.jpg|20260705_022524_gp_4dTxGAwA.jpg|20260705_022534_gp_g75wJmWQ.jpg|20260705_022544_gp_Fgy5X7pw.jpg,20260324_004815_gp_Q9G5DYGw.jpg|20260324_004832_gp_5elxVhZw.jpg|20260324_004852.jpg|20260324_004855_gp_LX6anGdw.jpg|20260324_004901.jpg|20260324_004904_gp_idPFK8Og.jpg|20260324_004906.jpg|20260324_004909_gp_IC7fzX9A.jpg,"July 22 photos support the owner report that the rear-drum hold-down and parking-brake/operating hardware pool is complete. Procurement is provisionally closed; side/location control, counts, wear/retention checks, spring comparison, adjuster/lever movement and full free return still gate installation."
brake_hydraulic_refresh_and_bias_decision,brakes,replacement_scope_confirmed,direct_photo_evidence,65,33,brake_booster_servo_removed_sample|frame_floor_underside_and_lines,rear_axle_and_leaf_springs|steering_and_suspension_linkages,2026-03-31 to 2026-05-29,2026-03-24 to 2026-05-14,20260331_030439_gp_Hm0ga9nQ.jpg|20260331_224409.jpg|20260331_224411_gp_xotdHr5w.jpg|20260331_224415.jpg|20260331_224416_gp_HZ3sjkkA.jpg|20260331_224423.jpg|20260331_224424_gp_whE84rpw.jpg|20260331_224428.jpg,20260324_004815_gp_Q9G5DYGw.jpg|20260324_004832_gp_5elxVhZw.jpg|20260324_004852.jpg|20260324_004855_gp_LX6anGdw.jpg|20260324_004901.jpg|20260324_004904_gp_idPFK8Og.jpg|20260324_004906.jpg|20260324_004909_gp_IC7fzX9A.jpg,Hard-line routing and removed booster/servo photos are direct evidence for the system refresh decision; axle-end hardware views support brake-bias and wear decisions. Owner-confirmed replacement scope still needs sample matching and final bleed/road validation.
j60_hydraulic_existing_interface_capture,steering_layout,in_progress_fitted_j40_hydraulic_baseline_identified,no_photo_evidence,0,0,,,,,,,No explicit rule configured.
j60_hydraulic_complete_set_acquisition,steering_procurement,approved_component_first_exact_identity_hold,no_photo_evidence,0,0,,,,,,,No explicit rule configured.
j60_hydraulic_bench_inspection_rebuild,steering_overhaul,planned_after_exact_j60_acquisition,no_photo_evidence,0,0,,,,,,,No explicit rule configured.
j60_hydraulic_vehicle_trial_fit,steering_fabrication,planned_after_complete_set_and_bench_pass,no_photo_evidence,0,0,,,,,,,No explicit rule configured.
j60_hydraulic_measured_install_validation,steering_validation,planned_after_j60_trial_fit_release,no_photo_evidence,0,0,,,,,,,No explicit rule configured.
suspension_upgrade_spec_and_kit_lock,suspension_upgrade,closed_ordered_kit,indirect_photo_evidence_only,0,40,,rear_axle_and_leaf_springs|rear_axle_spring_hanger_and_crossmember|steering_and_suspension_linkages,,2026-03-24 to 2026-05-14,,20260324_004815_gp_Q9G5DYGw.jpg|20260324_004832_gp_5elxVhZw.jpg|20260324_004852.jpg|20260324_004855_gp_LX6anGdw.jpg|20260324_004901.jpg|20260324_004904_gp_idPFK8Og.jpg|20260324_004906.jpg|20260324_004909_gp_IC7fzX9A.jpg,"Vehicle-side suspension photos support fitment constraints only; the kit lock still needs part-number, quantity, and arrived-condition photos for the actual suspension kit."
suspension_upgrade_fitment_and_alignment,suspension_upgrade,blocked_on_welder_repair_before_install,direct_photo_evidence,40,23,rear_axle_and_leaf_springs|rear_axle_spring_hanger_and_crossmember|steering_and_suspension_linkages,frame_and_mount_points|front_frame_horns_bumper_and_steering_area,2026-03-24 to 2026-05-14,2026-04-05 to 2026-05-12,20260324_004815_gp_Q9G5DYGw.jpg|20260324_004832_gp_5elxVhZw.jpg|20260324_004852.jpg|20260324_004855_gp_LX6anGdw.jpg|20260324_004901.jpg|20260324_004904_gp_idPFK8Og.jpg|20260324_004906.jpg|20260324_004909_gp_IC7fzX9A.jpg,20260405_234542_gp_hucEa1CQ.jpg|20260405_234547_gp_3iX5cWQQ.jpg|20260405_234654_gp_P3KYxxIA.jpg|20260405_234802.jpg|20260405_234812_gp_twNBeWvQ.jpg|20260405_234839.jpg|20260405_234840_gp_IoFfvLNw.jpg|20260423_232202_gp_ryYH6xZg.jpg,Rear spring/U-bolt and front linkage photos provide direct fitment context; final alignment release still needs installed-kit and ride-height/alignment photos.
wheel_tyre_condition_assessment_20260512,wheels_and_tires,assessment_started,direct_photo_evidence,2,10,wheel_tire_neolin_mt_sidewall_rim_detail|wheel_tire_neolin_mt_tread_detail,steering_and_suspension_linkages|wheel_and_tire_detail,2026-05-12,2026-03-24 to 2026-05-12,20260512_110000_user_neolin_mt_tyre_tread_wheel_context.png|20260512_110100_user_neolin_mt_tyre_sidewall_wheel_context.png,20260324_004830.jpg|20260406_030839_gp_VYKBhRNA.jpg|20260406_030955.jpg|20260406_030958_gp_Zt93jqLQ.jpg|20260406_031010.jpg|20260406_031013_gp_Rlzc9rXQ.jpg|20260423_232220_gp_ezwEcH2g.jpg|20260423_232236_gp_caYB252g.jpg,"May 12 tyre/wheel photos show deep Neolin M/T tread and outer rim/sidewall condition, but roadworthy release still needs all-wheel DOT/date-code capture, inner sidewall inspection, bead/rim corrosion and runout check, pressure leak test, balance, and lug-seat/nut inspection."
interior_dash_switch_fitup,interior_cabin,in_progress,direct_photo_evidence,3,1,dashboard_switch_and_control_hardware,hidden_diesel_cutoff_switch_hardware,2026-04-21,2026-04-20,20260421_192813_gp_0jvYAo8g.jpg|20260421_192813_gp_0jvYAo8g_2.jpg|20260421_194401_gp_1dY3fLdw.jpeg,20260420_221819_gp_YV69fbvA.jpg,"April 21 dashboard switch/control hardware photos provide direct evidence for the fit-up row; final closure still needs installed position, mounting, labelling, and functional check photos."
interior_diesel_cutoff_ignition_security,electrical_accessories,queued,direct_photo_evidence,4,0,dashboard_switch_and_control_hardware|hidden_diesel_cutoff_switch_hardware,,2026-04-20 to 2026-04-21,,20260420_221819_gp_YV69fbvA.jpg|20260421_192813_gp_0jvYAo8g.jpg|20260421_192813_gp_0jvYAo8g_2.jpg|20260421_194401_gp_1dY3fLdw.jpeg,,"April 20 hidden diesel-cutoff hardware and April 21 dashboard switch/control photos provide direct hardware evidence; final closure still needs hidden routing, ignition interlock, access-control, and function-test photos."
tub_refit_rubber_hardware_shim_stack,chassis_underside,rubber_sample_inventory_added,direct_photo_evidence,7,67,body_mount_and_crossmember_detail|floor_seam_and_body_mount_rust|rubber_parts_recreation_samples,frame_and_mount_points|frame_floor_underside_and_lines,2026-04-05 to 2026-05-17,2026-03-31 to 2026-05-14,20260405_234546.jpg|20260405_234652.jpg|20260517_194143_gp_CO7MuMdA.jpg|20260517_194633_gp_rAjY3gjg.jpg|20260517_194706_gp_twKRWGFA.jpg|20260517_195406_gp_req8G3Bg.jpg|20260517_195430_gp_VGGpRFOQ.jpg,20260331_030439_gp_Hm0ga9nQ.jpg|20260331_224409.jpg|20260331_224411_gp_xotdHr5w.jpg|20260331_224415.jpg|20260331_224416_gp_HZ3sjkkA.jpg|20260331_224423.jpg|20260331_224424_gp_whE84rpw.jpg|20260331_224428.jpg,"Mount-detail, tub-side body-mount rust, and the additional flat-rubber footprint measurement photos now give refit and pad-sizing context; final rubber/sample dimensions still need side/station labels, sleeve checks, and dry-stack confirmation."
engine_cooling_pipe_fabrication_samples,cooling_pipes,route_and_sample_photos_added,direct_photo_evidence,29,24,cooling_pipe_fabrication_samples,cooling_hoses_fan_belt_and_radiator_support|engine_powertrain_cleaning_baseline,2026-05-02 to 2026-05-29,2026-04-30 to 2026-05-12,20260502_004044_gp_Hx4Yo0Qg.jpg|20260502_004106_gp_wlYlUahA.jpg|20260502_004120_gp_7Jw9Zyrg.jpg|20260502_004133_gp_ZEpqmARA.jpg|20260502_004139_gp_jt1dGw4A.jpg|20260502_004145_gp_e8soxsyA.jpg|20260528_194853_gp_SiEb7xTg.jpg|20260528_235330_gp_8pOmnEbg.jpg,20260430_215957_gp_2iBbUagw.jpg|20260430_220004_gp_C9oYiYmA.jpg|20260501_194330_gp_CogcrEXA.jpg|20260501_194338_gp_81Nj4SVA.jpg|20260501_194344_gp_V7P0qatA.jpg|20260501_194402_gp_W9J4rcsw.jpg|20260501_194414_gp_gdDllc8Q.jpg|20260501_194421_gp_toAeFYqg.jpg,May 2 selected pipe photos directly document the made-to-order cooling pipe sample set; engine-bay routing photos provide supporting context.
replacement_pipe_ordering_matrix,replacement_pipes,bilal_ganj_photo_intake_added_price_pending,direct_photo_evidence,14,0,bellhousing_clutch_linkage_and_gearbox_case|bilal_ganj_replacement_pipe_hose_set_20260712|cooling_hoses_fan_belt_and_radiator_support|cooling_pipe_fabrication_samples|frame_rail_body_mount_and_hard_line_detail|replacement_pipe_hose_sample_sorting,,2026-04-22 to 2026-07-12,,20260422_004306_gp_vGlNr2UA.jpg|20260422_004311_gp_994KQ0Pw.jpg|20260430_215939_gp_EjZ7u1ow.jpg|20260430_215957_gp_2iBbUagw.jpg|20260430_220004_gp_C9oYiYmA.jpg|20260502_004044_gp_Hx4Yo0Qg.jpg|20260502_004106_gp_wlYlUahA.jpg|20260502_004120_gp_7Jw9Zyrg.jpg,,"Replacement pipe ordering is limited to selected pipe sample photos, close pipe/hose/line location evidence, and the July 12 received pipe/hose/clamp set. Body rubbers and broad chassis/mechanical context are excluded; exact circuit assignment still needs old-route matching."
engine_radiator_recore_or_new_20260529,cooling_system,amir_refurb_video_gate,direct_photo_evidence,24,12,cooling_hoses_fan_belt_and_radiator_support|engine_radiator_condition_closeups|engine_radiator_sample_measurement|front_support_radiator_measurement_set|front_support_radiator_pickups_context,front_frame_horns_bumper_and_radiator_support|front_support_radiator_pickups_context,2026-04-30 to 2026-05-29,2026-04-22 to 2026-05-12,20260430_215957_gp_2iBbUagw.jpg|20260430_220004_gp_C9oYiYmA.jpg|20260512_073314_gp_GyAXZWBg.jpg|20260512_073402_gp_P6yrwLRw.jpg|20260512_073547_gp_SNtwIVyA.jpg|20260512_205417_gp_CzJNQsiA.jpg|20260512_205434_gp_QnE3tLvQ.jpg|20260512_212929_gp_pnlr6x5w.jpg,20260422_004423_gp_B1N5ThVw.jpg|20260422_004423_gp_B1N5ThVw_2.jpg|20260422_004429_gp_4emWbTrA.jpg|20260422_004429_gp_4emWbTrA_2.jpg|20260422_004436_gp_yjCPMWTg.jpg|20260422_004436_gp_yjCPMWTg_2.jpg|20260512_073210_gp_zP427O2A.jpg|20260512_073303_gp_hNyAiN1g.jpg,"May 29 radiator sample and condition photos add direct removed-radiator width/height/side-bracket, core/fin, lower-mount, and added-leg evidence. Existing cooling and front-support photos provide hose/fan/vehicle-side fitment context; shop release still requires pressure/flow test and final dry-fit clearance proof."
brake_booster_servo_refurbishment_20260529,brakes,functionally_confirmed_cosmetic_tidy_pending,direct_photo_evidence,7,0,brake_booster_servo_removed_sample,,2026-05-29,,20260529_021217_gp_YAKcHCyQ.jpg|20260529_021225_gp_AzCLYJgQ.jpg|20260529_021239_gp_RiMXwHXA.jpg|20260529_021243_gp_utTmUzJw.jpg|20260529_030646_gp_SAs7gfRg.jpg|20260529_030653_gp_7dCQk4QA.jpg|20260529_030700_gp_8qu2Rliw.jpg,,"May 29 removed booster/servo photos record its pre-tidy condition and interfaces. Owner confirmation on July 29 closes the functional concern: the booster is fine and needs cosmetic tidying only. Preserve the shell joint, pushrod/free-play, clevis, boot, check valve, grommet, studs, and master-cylinder interface during cosmetic work; validate the assembled brakes in the wider brake-system closeout."
front_bumper_recreation_welding_20260719,body_fabrication,installed_reported_complete_qa_pending,no_photo_evidence,0,0,,,,,,,No explicit rule configured.
rear_bumper_recreation_welding_20260719,body_fabrication,fabrication_complete_installation_pending,no_photo_evidence,0,0,,,,,,,No explicit rule configured.
winch_motor_drive_shaft_connection_20260729,winch_system,pending_identification_fabrication_and_installation,no_photo_evidence,0,0,,,,,,,No explicit rule configured.
j60_hydraulic_steering_route_decision_20260719,steering_system,approved_active_component_first_route,no_photo_evidence,0,0,,,,,,,No explicit rule configured.
chassis_rear_half_primer_application_20260704,chassis_underside,rear_back_raptor_start_next_front_primer_next,direct_photo_evidence,6,16,rear_half_chassis_primer_application,rear_axle_spring_hanger_and_crossmember|rear_mid_frame_rail_and_hard_line_detail,2026-07-04,2026-04-22 to 2026-05-12,20260704_012250_gp_aySfKLOw.jpg|20260704_012258_gp_Gechq08Q.jpg|20260704_012307_gp_CV3XpTDw.jpg|20260704_012317_gp_w8vZUIhw.jpg|20260704_012328_gp_7Yd8GyjA.jpg|20260704_012437_gp_tnnHUuaA.jpg,20260422_004254_gp_SplHLSYA.jpg|20260422_004257_gp_cxEZbZoQ.jpg|20260422_004301_gp_SU89hisw.jpg|20260501_194026_gp_gjPjhxdA.jpg|20260501_194041_gp_6zRIFJUw.jpg|20260501_194056_gp_p1erpz8w.jpg|20260501_194101_gp_3xKjQSsQ.jpg|20260501_194106_gp_e4CETkdg.jpg,"July 4 picker batch documents partial rear/back-half chassis primer application. Treat as coating evidence for that zone only; topcoat release still needs hole/thread cleanup, inner-face touch-in, stand-contact touch-up, and front/remaining chassis coverage."
cabin_fuse_relay_donor_samples_20260710,electrical_system,candidate_parts_photo_intake_added,no_photo_evidence,0,0,,,,,,,No explicit rule configured.
suspension_bump_stop_install_20260712,chassis_underside,parts_received_rust_treatment_and_bracket_fit_pending,direct_photo_evidence,10,40,suspension_bump_stop_install_set_20260712|suspension_bump_stop_removed_samples|suspension_bump_stop_set_20260722,rear_axle_and_leaf_springs|rear_axle_spring_hanger_and_crossmember|steering_and_suspension_linkages,2026-05-29 to 2026-07-22,2026-03-24 to 2026-05-14,20260529_223605_gp_CklgF0cQ.jpg|20260529_223701_gp_wYPExcAA.jpg|20260531_171824_gp_HmSS2ChQ.jpg|20260531_171833_gp_Vw96I7Mg.jpg|20260531_171859_gp_i6bRyQKA.jpg|20260531_171903_gp_jNI1gfYA.jpg|20260531_171935_gp_BYfhqiWg.jpg|20260712_012120_gp_K81WQNTw.jpg,20260324_004815_gp_Q9G5DYGw.jpg|20260324_004832_gp_5elxVhZw.jpg|20260324_004852.jpg|20260324_004855_gp_LX6anGdw.jpg|20260324_004901.jpg|20260324_004904_gp_idPFK8Og.jpg|20260324_004906.jpg|20260324_004909_gp_IC7fzX9A.jpg,July 12 Bilal Ganj photos show the new bump-stop set in hand. Install at the front/rear spring bump-stop brackets only after rust-treating the metal mounting plates and confirming station fit/clearance.
suspension_bump_stop_rust_treatment_preparation_20260723,chassis_underside,required_before_installation,no_photo_evidence,0,0,,,,,,,No explicit rule configured.
removed_reusable_parts_refresh_repaint_20260723,body_hardware,specialist_assessment_reconstruction_and_refinish_required,direct_photo_evidence,11,0,front_door_latch_central_locking_sets_20260723|glovebox_lid_refresh_repaint_20260723|oil_filler_breather_tube_identification_20260723|parking_brake_cable_linkage_reconstruction_sample_20260723|pedal_area_dual_plunger_switch_bracket_20260723|single_stamped_latch_adjuster_identification_20260723|suspension_bump_stop_set_20260722|unidentified_lever_pieces_refurbisher_identification_20260723|windscreen_wiper_motor_assessment_20260723,,2026-07-22 to 2026-07-23,,20260722_000007_user_bump_stop_set_inventory.png|20260723_013021_gp_UGFfrBkw.jpg|20260723_013033_gp_l8ZqIJ6Q.jpg|20260723_013044_gp_nVUdz9dQ.jpg|20260723_013050_gp_rSLoiGNw.jpg|20260723_013103_gp_24hNTQNQ.jpg|20260723_013148_gp_AK0sjJJw.jpg|20260723_013303_gp_ZzbvMf2A.jpg,,"The revised selector is directly supported by the eleven July 23 part photos plus the separately tracked bump-stop set. Mechanical, electrical and cable items require specialist assessment before cosmetic work; identify-first labels remain mandatory where the function is not proven."
removed_parts_replace_exclude_20260723,body_hardware,replacement_modernisation_and_sample_matching_required,no_photo_evidence,0,0,,,,,,,No explicit rule configured.
front_caliper_holder_fit_check_20260712,brakes,donor_candidate_parts_in_hand_fit_check_required,indirect_photo_evidence_only,0,13,,front_sumitomo_disc_caliper_and_rotor_baseline|steering_and_suspension_linkages,,2026-04-06 to 2026-05-29,,20260406_030839_gp_VYKBhRNA.jpg|20260406_030955.jpg|20260406_030958_gp_Zt93jqLQ.jpg|20260406_031010.jpg|20260406_031013_gp_Rlzc9rXQ.jpg|20260423_232220_gp_ezwEcH2g.jpg|20260423_232236_gp_caYB252g.jpg|20260512_072913_gp_g3iLrvfw.jpg,"Owner reports donor caliper holders/carriers are in hand, but the July 12 picker batch did not include a distinct holder photo. Existing front Sumitomo disc photos are vehicle-side context only; closure needs donor-holder photos and physical fit checks."
suspension_grinder_damage_weld_repair_20260712,suspension_upgrade,repair_reported_successful_post_weld_validation_pending,indirect_photo_evidence_only,0,40,,rear_axle_and_leaf_springs|rear_axle_spring_hanger_and_crossmember|steering_and_suspension_linkages,,2026-03-24 to 2026-05-14,,20260324_004815_gp_Q9G5DYGw.jpg|20260324_004832_gp_5elxVhZw.jpg|20260324_004852.jpg|20260324_004855_gp_LX6anGdw.jpg|20260324_004901.jpg|20260324_004904_gp_idPFK8Og.jpg|20260324_004906.jpg|20260324_004909_gp_IC7fzX9A.jpg,"Owner reports an experienced welder will correct the angle-grinder damage on the suspension area. Existing suspension photos are context only; closure needs repair photos, geometry check, primer touch-in, and fitment signoff."
turbo_engine_health_release_20260717,engine_powertrain,planned_test_gate,no_photo_evidence,0,0,,,,,,,No explicit rule configured.
turbo_hot_side_fabrication_20260717,engine_powertrain,planned_after_health_pass,no_photo_evidence,0,0,,,,,,,No explicit rule configured.
turbo_oil_cooling_connections_20260717,engine_powertrain,planned_after_turbo_position,no_photo_evidence,0,0,,,,,,,No explicit rule configured.
turbo_intake_charge_breather_connections_20260717,engine_powertrain,planned_after_front_stack_mockup,no_photo_evidence,0,0,,,,,,,No explicit rule configured.
turbo_instrument_electrical_integration_20260717,electrical_system,planned_branch_reservation,no_photo_evidence,0,0,,,,,,,No explicit rule configured.
turbo_staged_validation_20260717,engine_powertrain,blocked_on_complete_vehicle_safety,no_photo_evidence,0,0,,,,,,,No explicit rule configured.
relay_midi_radiator_carrier_relocation_20260731,electrical_system,approved_pending_carrier_dry_fit,no_photo_evidence,0,0,,,,,,,No explicit rule configured.
fitted_late_j40_hydraulic_steering_identification_20260802,steering_system,identified_high_confidence_exact_service_number_and_condition_open,no_photo_evidence,0,0,,,,,,,No explicit rule configured.
