entry_id,phase,workstream,item,status,procurement_stage,action_bucket,amount,amount_status,has_confirmed_amount,vendor,product_link,evidence_ref,overlap_group_id,overlap_group_label
part_fuel_filler_neck_hose_vent_20260619,05_mechanical_baseline,mechanical_baseline,Fuel filler rubber parts - main fuel fill hose vent hose and smooth-band clamps,planned,purchase_ready,buy_now,,missing,no,Amir runner / Land Cruiser parts counter / local fuel-hose supplier,,user_update_2026-06-19_fuel_filler_purchase_decision|codex-clipboard-956824d4-d24a-47f7-9df7-46cb0a95279e.png|RHA-015|RUB-011|RUB-012,,
part_battery_purchase,05_mechanical_baseline,mechanical_baseline,New battery purchase - installed,installed,completed,completed_or_received,20000,confirmed,yes,Ghazi Road,,akber_khan-00753,,
part_cable_sleeve_protection,04_electrical_reset,electrical_reset,"Braided sleeve inventory - 8/10/14/16/20 mm sleeves, 5m lengths received",received,received,completed_or_received,,missing,no,electronicsstore.pk / HAQ ELECTRIC,,user_seed|akber_khan-00489|fj40-00276|fj40-00282,wire_sleeving_options,Wire sleeving options
part_dielectric_grease,04_electrical_reset,electrical_reset,Dielectric grease,received,received,completed_or_received,5609,confirmed,yes,Adenwalla & Sons,,user_seed|akber_khan-00489|gmail_msg_19d0f6304329edde|gmail_msg_19d9ff896e3406a1|gmail_order_3070231697777489|gmail_package_PK001206015RS|photo_20260424_part_dielectric_grease_aliexpress_order_3070231697777489.jpg,,
part_copper_grease,06_steering_brakes_suspension,steering_brakes_suspension,Copper grease for brakes,received,received,completed_or_received,,missing,no,Pakistan Power Tool,,user_seed,,
part_rubber_grommet_set,04_electrical_reset,electrical_reset,Rubber grommet set,received,received,completed_or_received,,missing,no,AliExpress,https://www.aliexpress.com/i/1005008318051049.html,user_seed|akber_khan-00489|akber_khan-00497|fj40-00276|fj40-00282|user_update_2026-04-22_grommet_received|user_update_2026-05-01_grommet_image_wrong,grommet_options,Grommet options
part_electric_wires,04_electrical_reset,electrical_reset,"Electric wire inventory - 4 AWG red/black silicone cable, 1m each (approx 21 mm2)",received,received,completed_or_received,11529,confirmed,yes,AliExpress,,user_seed|akber_khan-00489|akber_khan-00497|user_update_2026-04-22_wiring_built|gmail_msg_19d045e33582292a|gmail_msg_19d3e56a9e4a3991|gmail_order_3070027285627489|gmail_package_PK015187314R|photo_20260424_part_electric_wires_aliexpress_3070027285627489.jpg,,
part_android_unit,09_optional_upgrades,optional_upgrades,Android unit,planned,deferred_optional,deferred,,missing,no,SehgalMotors.PK,,user_seed|akber_khan-00318|fj40-00279|fj40-00280|user_update_2026-05-02_dashboard_switch_lcd_update,,
part_piano_hinge,09_optional_upgrades,optional_upgrades,Piano hinge,received,received,completed_or_received,,missing,no,,,user_seed,,
part_bedliner_sprays,03_body_chassis,body_chassis,Bedliner sprays,received,received,completed_or_received,,missing,no,U-POL / Raptor on hand,,user_seed|akber_khan-00798|akber_khan-00800|user_shelf_image_2026-05-02_raptor_liner_visible,floor_finish_stack,Floor/interior finish stack
part_primer,03_body_chassis,body_chassis,Hi-Build Zinc Rich Epoxy Primer EC 11 two-pack set,received,received,completed_or_received,25550,confirmed,yes,Daraz / MM PAINT,https://www.daraz.pk/products/i556870547-s4006655573.html?urlFlag=true&mp=1,user_seed|akber_khan-00798|akber_khan-00800|akber_khan-00819|user_update_2026-05-02_zinc_rich_epoxy_primer_order|gmail_msg_19de69fd6503ed45|gmail_order_242366749280938|gmail_msg_19dfcaab0866f88d|gmail_delivery_242366749280938,primer_system_stack,Primer system stack
part_metal_protection,03_body_chassis,body_chassis,Metal protection and restoration products,cancelled,not_required_covered_by_epoxy_wax,cancelled_or_not_required,,missing,no,Daraz,,user_seed|akber_khan-00397|akber_khan-00701|user_update_2026-05-02_zinc_rich_epoxy_primer_order|user_update_2026-05-02_autohub_prep_solvent_cavity_wax_order,,
part_wax_and_grease_remover,03_body_chassis,body_chassis,3M Prep Solvent-70 1 gallon / wax and grease remover,received,received,completed_or_received,18999,confirmed,yes,Autohub,https://autohub.pk/products/3m-prep-solvent-70-1-gallon,user_seed|akber_khan-00803|akber_khan-00817|user_update_2026-05-02_autohub_prep_solvent_cavity_wax_order|gmail_msg_19de69d1f1e3d70a|gmail_order_1762192|autohub_order_62192|user_update_2026-05-08_all_remaining_autohub_orders_arrived|user_update_2026-05-11_3m_prep_solvent_received|gmail_msg_19e0c5bc0f1cf25e|blueex_tracking_AhubRider,primer_system_stack,Primer system stack
part_self_etching_primer,03_body_chassis,body_chassis,Self etching primer,cancelled,not_required_with_epoxy,cancelled_or_not_required,,missing,no,,,user_seed|akber_khan-00803|user_update_2026-05-02_zinc_rich_epoxy_primer_order,primer_system_stack,Primer system stack
part_epoxy_primer,03_body_chassis,body_chassis,Epoxy primer,cancelled,not_required_duplicate,cancelled_or_not_required,,missing,no,Daraz / ICI Industrial Coatings,,user_seed|akber_khan-00803|user_update_2026-05-02_zinc_rich_epoxy_primer_order,primer_system_stack,Primer system stack
part_seam_sealer,03_body_chassis,body_chassis,Seam sealer,received,received,completed_or_received,7696,confirmed,yes,Autohub,,user_seed|akber_khan-00803|akber_khan-00820|gmail_msg_19d0ef66d4eacdee|gmail_msg_19d48a1d197405a3|gmail_order_1761310|photo_20260424_part_seam_sealer_autohub_order_1761310.jpg|user_update_2026-05-02_autohub_prep_solvent_cavity_wax_order|user_update_2026-05-08_all_remaining_autohub_orders_arrived,primer_system_stack,Primer system stack
part_bed_lining,07_interior_weatherproofing,interior_weatherproofing,Bed lining,not_required,not_required_duplicate_covered_by_raptor_bedliner,cancelled_or_not_required,,missing,no,,,user_seed|akber_khan-00798|akber_khan-00803|user_update_2026-05-03_remove_duplicate_purchase_items|user_shelf_image_2026-05-02_raptor_liner_visible,floor_finish_stack,Floor/interior finish stack
part_sound_dampening_sheets,07_interior_weatherproofing,interior_weatherproofing,Sound dampening sheets,planned,deferred_until_body_closed,deferred,,missing,no,,,user_seed|akber_khan-00430|akber_khan-00798|akber_khan-00803,floor_finish_stack,Floor/interior finish stack
part_foam,07_interior_weatherproofing,interior_weatherproofing,Foam,planned,deferred_until_body_closed,deferred,,missing,no,,,user_seed|akber_khan-00803,floor_finish_stack,Floor/interior finish stack
part_carpet,07_interior_weatherproofing,interior_weatherproofing,Carpet,planned,deferred_until_body_closed,deferred,,missing,no,,,user_seed|akber_khan-00803,floor_finish_stack,Floor/interior finish stack
part_ironman_foamcell_suspension_kit,06_steering_brakes_suspension,steering_brakes_suspension,Ironman Foamcell suspension kit - main shipment (front dampers separate),received,received,completed_or_received,575000,confirmed,yes,Ironman 4x4 supplier,,user_update_2026-05-01_ironman_foamcell_order|image_2026-05-01_ironman_foamcell_parts_list|user_update_2026-05-08_ironman_main_kit_arrived_front_dampers_pending,,
part_ironman_front_dampers_separate_shipment,06_steering_brakes_suspension,steering_brakes_suspension,Ironman Foamcell front damper pair - separate shipment (24635FE x2),ordered,ordered_pending_delivery,ordered_waiting_arrival,,missing,no,Ironman 4x4 supplier,,user_update_2026-05-01_front_dampers_separate_shipment|image_2026-05-01_ironman_foamcell_parts_list|ironman_24635FE_front_reference|user_update_2026-05-08_ironman_main_kit_arrived_front_dampers_pending,,
part_suspension_wooden_cribbing_blocks,06_steering_brakes_suspension,steering_brakes_suspension,Seasoned hardwood cribbing cut set - 8 blocks + 4 wedge chocks,received,received,completed_or_received,,missing,no,local timber / wood merchant,,user_update_2026-05-02_suspension_wooden_blocks|user_update_2026-05-04_wood_parts_ordered|data/manual/suspension_wood_cribbing_order_specs.csv|docs/suspension-wood-cribbing-merchant-spec.md|data/manual/fabrication/suspension_wood_cribbing_rev_a/README.md|data/manual/fabrication/suspension_wood_cribbing_rev_a/j40_suspension_wood_cribbing_rev_a_dimension_sheet.pdf|user_update_2026-05-17_wooden_blocks_received,,
part_power_steering_upgrade,06_steering_brakes_suspension,eps_vitz_upgrade,Replacement hydraulic steering assembly - on hand; identity and fit verification pending,received_candidate,received_identity_and_trial_fit_pending,completed_or_received,,missing,no,On-hand replacement steering,,docs/j80-hydraulic-power-steering-conversion-plan-20260802.md|data/manual/j80_power_steering_component_gate_20260802.csv|user_update_2026-08-16_replacement_steering_in_hand,,
part_body_mount_rubber_kit,03_body_chassis,chassis_rubbers,Consolidated Longman chassis/body custom rubber order,fabrication_controlled,not_required_under_fabrication,cancelled_or_not_required,,missing,no,,,user_plan_2026-04-22_tub_off_update|docs_tub-off-refit-execution-plan|docs/longman-rubber-order-spec-20260508.md|data/manual/longman_rubber_order_specs.csv|docs/chassis-rubbers-workstream.md|data/manual/body_mount_order_release_specs.csv|data/manual/body_mount_release_actions.csv,,
part_body_mount_hardware_kit,03_body_chassis,body_chassis,Body mount hardware kit bolts sleeves washers,spec_ready,spec_ready_release_hold,spec_ready_release_hold,,missing,no,,,user_plan_2026-04-22_tub_off_update|docs_tub-off-refit-execution-plan|data/manual/body_mount_order_release_specs.csv|data/manual/body_mount_release_actions.csv,,
part_body_mount_shim_pack,03_body_chassis,body_chassis,Body mount shim and spacer pack,spec_ready,spec_ready_release_hold,spec_ready_release_hold,,missing,no,,,user_plan_2026-04-22_tub_off_update|docs_tub-off-refit-execution-plan|data/manual/body_mount_order_release_specs.csv|data/manual/body_mount_release_actions.csv,,
part_fastener_kit_a_millat,03_body_chassis,body_chassis,"Fastener Kit A: Tub-to-chassis mounts (OEM positions) - M10/M12 class 8.8 bolts, matching nuts, flat+spring washers, sleeves",received,received,completed_or_received,,missing,no,MTL Parts,,gmail_msg_19d9d26f415b48fa|gmail_msg_19d9cd91c8d55038|gmail_msg_19d9ce99ff7c3bab|gmail_msg_19db2d73afb4876e|gmail_msg_19db2d7aa7027a2c|gmail_msg_19dbc4673054004c|gmail_msg_19dbc462741aef46|gmail_msg_19e0722af30bb1af|gmail_msg_19e63d37bef39526|gmail_order_38903_processing_20260526|user_update_2026-06-15_millat_items_received,,
part_fastener_kit_b_millat,03_body_chassis,body_chassis,"Fastener Kit B: Body panel/bracket hardware - M6/M8 class 8.8 flange bolts, nyloc nuts, washers",received,received,completed_or_received,,missing,no,MTL Parts,,gmail_msg_19d9d26f415b48fa|gmail_msg_19d9cd91c8d55038|gmail_msg_19d9ce99ff7c3bab|gmail_msg_19db2d73afb4876e|gmail_msg_19db2d7aa7027a2c|gmail_msg_19dbc4673054004c|gmail_msg_19dbc462741aef46|gmail_msg_19e0722af30bb1af|gmail_msg_19e63d37bef39526|gmail_order_38903_processing_20260526|user_update_2026-06-15_millat_items_received,,
part_fastener_kit_c_captive_clip_nuts,03_body_chassis,body_chassis,Fastener Kit C remaining: Captive/clip/speed nut and weld-nut assortment - M6/M8,planned,purchase_ready,buy_now,,missing,no,Bilal Ganj clip/captive/rivnut suppliers,,20260503_153832_gp_0FJJiLHg|workbook_parts#row_227|user_update_2026-05-03_screw_photo_review|data/manual/fastener_photo_count_estimates.csv|user_update_2026-05-08_rivets_received|user_update_2026-05-09_m6_m8_rivnut_confirmation|photos/20260508_rivnuts_received_user_photo.png|photos/20260508_m6_rivnut_box_labels_user_photo.png,,
part_m6_m8_threaded_rivnut_nutsert_assortment_received,03_body_chassis,body_chassis,M6 and M8 threaded rivet nuts / rivnuts / nutserts - received,received,received,completed_or_received,,missing,no,Temu / Shenzhen Shangsha Trading Co. Ltd.,,user_update_2026-05-08_rivets_received|user_update_2026-05-09_m6_m8_rivnut_confirmation|photos/20260508_rivnuts_received_user_photo.png|photos/20260508_m6_rivnut_box_labels_user_photo.png,,
part_fastener_kit_d_millat,04_electrical_reset,electrical_reset,Fastener Kit D: Grounding hardware - star/serrated washers M6/M8/M10 + cleaned contact points,received,received,completed_or_received,,missing,no,MTL Parts,,gmail_msg_19d9d26f415b48fa|gmail_msg_19d9cd91c8d55038|gmail_msg_19d9ce99ff7c3bab|gmail_msg_19db2d73afb4876e|gmail_msg_19db2d7aa7027a2c|gmail_msg_19dbc4673054004c|gmail_msg_19dbc462741aef46|gmail_msg_19e0722af30bb1af|gmail_msg_19e63d37bef39526|gmail_order_38903_processing_20260526|user_update_2026-06-15_millat_items_received,,
part_fastener_kit_e_millat,03_body_chassis,body_chassis,"Millat order #38902 metric screw pack - M10x20 x20, M6x16 x60, M6x12 x120, M8x16 x60",received,received,completed_or_received,1880,confirmed,yes,MTL Parts,,gmail_msg_19d9d26f415b48fa|gmail_msg_19dbc4673054004c|gmail_order_38902|gmail_msg_19e0722af30bb1af|user_update_2026-06-15_millat_items_received,,
part_fastener_kit_e_trim_screws_cup_washers,07_interior_weatherproofing,interior_weatherproofing,Fastener Kit E: Stainless/non-structural trim screws plus cup/finishing washers,planned,deferred_until_body_closed,deferred,,missing,no,local fastener / trim hardware supplier,,20260503_153832_gp_0FJJiLHg|workbook_parts#row_229|user_update_2026-05-03_screw_photo_review|data/manual/fastener_photo_count_estimates.csv,,
part_body_retaining_clips_cotter_pin_pack,03_body_chassis,body_chassis,Body retaining clip pack - R-clips hairpins split pins circlips and small cotters,planned,purchase_ready,buy_now,,missing,no,local fastener / body hardware supplier,,20260503_153832_gp_0FJJiLHg|user_update_2026-05-04_fastener_photo_gap_review|data/manual/fastener_photo_count_estimates.csv,,
part_body_rubber_plastic_bumpers_isolators,03_body_chassis,body_chassis,Body rubber/plastic bumpers isolators knobs and small spacers,partial_bill_lines_recorded,partial_receipt_lines_recorded_remaining_sort_open,unclear,,missing,no,Bilal Ganj rubber/body trim supplier,,20260503_153832_gp_0FJJiLHg|user_update_2026-05-04_fastener_photo_gap_review|data/manual/fastener_photo_count_estimates.csv|20260710_165119_gp_LStiDaCg|20260710_222718_gp_bIgLuHVw|20260710_223009_gp_v6AjWz1A|20260710_223401_gp_PoVmWQPw|20260710_223557_gp_RgUvwq5g|20260710_224045_gp_fSkEXeCg|photo_import_20260710T232017|20260710_bilal_ganj_urdu_receipt_user_photo|data/manual/bilal_ganj_bill_breakdown_20260710.csv,,
part_body_shoulder_pins_sleeves_spacers,03_body_chassis,body_chassis,Body shoulder bolts pivot pins sleeves and stand-off spacers - sample matched,planned,spec_needed_before_order,needs_spec_before_order,,missing,no,local fastener / machine shop supplier,,20260503_153832_gp_0FJJiLHg|user_update_2026-05-04_fastener_photo_gap_review|data/manual/fastener_photo_count_estimates.csv,,
part_body_specialty_brackets_retainer_plates,03_body_chassis,body_chassis,Body specialty bracket and retainer plate repair/replacement pack,planned,spec_needed_before_order,needs_spec_before_order,,missing,no,local body hardware fabricator / Bilal Ganj,,20260503_153832_gp_0FJJiLHg|user_update_2026-05-04_fastener_photo_gap_review|data/manual/fastener_photo_count_estimates.csv,,
quote_rubber_grommet_set_chat,04_electrical_reset,electrical_reset,Electrical wire grommet set (200pcs),not_required,not_required_duplicate_received_grommet_mix,cancelled_or_not_required,7860,confirmed,yes,starshop.pk,,fj40-00276,grommet_options,Grommet options
part_firewall_grommet_set_small_medium,04_electrical_reset,electrical_reset,Additional firewall grommet set IDs 6/8/10/12 mm,not_required,not_required_unknown_final_sizes_use_on_hand_grommet_mix,cancelled_or_not_required,,missing,no,,,user_plan_2026-04-22_grommet_size_gap_review|docs_bilal-ganj-master-shopping-list,grommet_options,Grommet options
part_firewall_grommet_set_large_power,04_electrical_reset,electrical_reset,Additional firewall grommet set IDs 16/20/25 mm,not_required,not_required_unknown_final_sizes_use_on_hand_grommet_mix,cancelled_or_not_required,,missing,no,,,user_plan_2026-04-22_grommet_size_gap_review|docs_bilal-ganj-master-shopping-list|docs_wire-heavy-resize-cutlist,grommet_options,Grommet options
part_star_washers,04_electrical_reset,electrical_reset,"Star / lock washer pack - M6 x120, M8 x60, M10 x30",received_candidate,received_candidate,needs_confirmation,,missing,no,Amir / Montgomery Road local fastener supplier,,user_image_2026-03-21_electrical_leftovers|part_fastener_kit_d_millat|user_correction_2026-05-26_star_washers_not_ordered|duplicate_hold_part_fastener_kit_d_millat_20260527|user_update_2026-05-27_amir_star_washer_purchase_run|user_update_2026-05-27_millat_order_now_coming_suppress_duplicate|docs/amir-montgomery-road-shopping-list-20260527.md|user_update_2026-05-28_procured_by_amir,,
part_split_conduit_braided_sleeve_small,04_electrical_reset,electrical_reset,"Split conduit / braided sleeve inventory - 8/10 mm, 5m lengths received; no extra 8mm order",received,received,completed_or_received,,missing,no,electronicsstore.pk / workbook inventory,,user_image_2026-03-21_electrical_leftovers,wire_sleeving_options,Wire sleeving options
part_split_conduit_braided_sleeve_medium,04_electrical_reset,electrical_reset,"Split conduit / braided sleeve inventory - 14/16 mm, 5m lengths",received,received,completed_or_received,,missing,no,electronicsstore.pk / workbook inventory,,user_image_2026-03-21_electrical_leftovers,wire_sleeving_options,Wire sleeving options
part_split_conduit_braided_sleeve_large,04_electrical_reset,electrical_reset,"Split conduit / braided sleeve inventory - 20 mm, 5m lengths",received,received,completed_or_received,,missing,no,electronicsstore.pk / workbook inventory,,user_image_2026-03-21_electrical_leftovers,wire_sleeving_options,Wire sleeving options
part_spotlight_switch,04_electrical_reset,electrical_reset,Spotlight switch,not_required,not_required_allocated_existing_selector,cancelled_or_not_required,,missing,no,,,user_image_2026-03-21_electrical_leftovers|switch_plan_20260417|electrical_master_T5,switch_options,Switch inventory
part_hidden_diesel_cutoff_switch,04_electrical_reset,electrical_reset,Fuel stop switch / hidden diesel cutoff (needle-type switch),received,received,completed_or_received,,missing,no,,,user_image_2026-03-21_electrical_leftovers|photo_20260420_221819_gp_YV69fbvA|photo_20260421_194401_gp_1dY3fLdw|user_update_2026-05-02_parts_review,switch_options,Switch inventory
part_winch_switch,04_electrical_reset,electrical_reset,Winch switch,not_required,not_required_confirmed_3rd_lever,cancelled_or_not_required,,missing,no,,,user_image_2026-03-21_electrical_leftovers|user_update_2026-05-02_parts_review|user_update_2026-05-02_winch_3rd_lever,switch_options,Switch inventory
part_horn_relay,04_electrical_reset,electrical_reset,Horn relay,not_required,not_required_duplicate,cancelled_or_not_required,,missing,no,,,user_image_2026-03-21_electrical_leftovers|electrical_master_T3|user_update_2026-05-02_parts_review,switch_options,Switch inventory
part_h4_ceramic_headlight_connector_high,04_electrical_reset,electrical_reset,H4 ceramic headlight connectors - x4 received,received,received,completed_or_received,1350,confirmed,yes,Auto Xpert Pakistan,,user_image_2026-03-21_electrical_leftovers|gmail_msg_19d0ecbd9da965f4|gmail_order_1599|workbook_parts_row_76_received_y_paid_y|photo_20260424_part_h4_ceramic_headlight_connector_high_autoxpert_order_1599.jpg|user_update_2026-05-01_h4_connectors_received,switch_options,Switch inventory
part_mech_engine_oil_filter_service,05_mechanical_baseline,mechanical_baseline,Engine oil - Liqui Moly Touring High Tech SHPD 15W-40 5L; oil filter tracked separately,ordered,ordered_pending_delivery,ordered_waiting_arrival,12499,confirmed,yes,Autohub,https://autohub.pk/products/liqui-moly-touring-high-tech-shpd-motor-oil-15w-40,user_plan_2026-04-12_engine_bay_review|user_update_2026-05-29_online_click_buy_engine_oil_filter|user_update_2026-05-29_liqui_moly_guard_added|https://autohub.pk/products/liqui-moly-touring-high-tech-shpd-motor-oil-15w-40|https://automize.pk/products/guard-oil-filter-gdo-135|gmail_msg_19e7436f18d47b7c|gmail_order_1762694|autohub_order_62694|bank_alert_19e7438814e99398,,
part_mech_oil_filter_guard_gdo135_20260529,05_mechanical_baseline,mechanical_baseline,Engine oil filter - Guard GDO-135 candidate for 2H,planned,purchase_ready,buy_now,,missing,no,Automize online,https://automize.pk/products/guard-oil-filter-gdo-135,user_update_2026-05-29_liqui_moly_guard_added|https://automize.pk/products/guard-oil-filter-gdo-135|gmail_refresh_2026-05-30_no_filter_order_found,,
part_mech_transmission_oil_service,05_mechanical_baseline,gearbox_oil_service,Gearbox oil service pack - correct oil drain inspect refill washers and sample kit,planned,spec_needed_before_order,needs_spec_before_order,,missing,no,,,user_update_2026-05-29_transmission_oil_task|user_update_2026-05-29_liqui_moly_15w40_not_gearbox_oil|mcp_whatsapp_number_2_false_971527520120_1517397900_g_us_ac7917c65ffdf01e2f1ac6687691ab93_37911810572503_lid|docs/gearbox-oil-service-workstream.md|docs/gearbox-top-cover-workstream.md,,
part_mech_air_filter,05_mechanical_baseline,mechanical_baseline,Air filter element,received,received,completed_or_received,,missing,no,,,user_plan_2026-04-12_engine_bay_review|user_update_2026-04-20_photo_review,,
part_mech_fuel_filter,05_mechanical_baseline,mechanical_baseline,Fuel filter,planned,runner_spec_controlled,runner_spec_controlled,,missing,no,Amir runner / local Toyota diesel parts counter,,user_plan_2026-04-12_engine_bay_review|user_update_2026-05-29_list_under_amir_mechanical_easy|docs/amir-montgomery-road-shopping-list-20260527.md,,
part_mech_heat_glow_plugs_set,05_mechanical_baseline,mechanical_baseline,Toyota OE glow plugs 19850-68030 x6 - diesel 2H,new_only_planned,purchase_ready,buy_now,,missing,no,Amir runner / verified Toyota diesel parts counter,,user_plan_2026-04-12_engine_bay_review|user_update_2026-05-01_engine_diesel_correction|user_update_2026-05-29_list_under_amir_mechanical_easy|docs/amir-montgomery-road-shopping-list-20260527.md,,
part_mech_spark_plugs_set,05_mechanical_baseline,mechanical_baseline,Spark plugs set,cancelled,not_required_diesel_engine,cancelled_or_not_required,,missing,no,,,user_plan_2026-04-12_engine_bay_review|user_update_2026-05-01_engine_diesel_correction,,
part_mech_distributor_cap_rotor_tuneup,05_mechanical_baseline,mechanical_baseline,Distributor cap rotor and ignition tune-up consumables,cancelled,not_required_diesel_engine,cancelled_or_not_required,,missing,no,,,user_plan_2026-04-12_engine_bay_review|user_update_2026-05-01_engine_diesel_correction,,
part_mech_accessory_belt_set,05_mechanical_baseline,mechanical_baseline,Accessory belt set,planned,runner_spec_controlled,runner_spec_controlled,,missing,no,Amir runner / local belt supplier / Toyota diesel parts counter,,user_plan_2026-04-12_engine_bay_review|user_update_2026-05-29_list_under_amir_mechanical_easy|docs/amir-montgomery-road-shopping-list-20260527.md,,
part_mech_radiator_hose_set,05_mechanical_baseline,radiator,"Cooling hose/pipe package - upper/lower radiator hoses, overflow hose, formed coolant pipe",sample_photos_added,sample_route_photos_added_cost_missing,unclear,,missing,no,Amir runner / Longman Mills / local radiator hose or pipe fabricator,,user_plan_2026-04-12_engine_bay_review|user_update_2026-05-01_engine_hose_spec|data/manual/replacement_pipe_order_release_specs.csv|data/manual/replacement_pipe_release_actions.csv|data/manual/longman_pipe_hose_order_specs.csv|user_update_2026-05-29_list_under_amir_mechanical_easy|docs/amir-montgomery-road-shopping-list-20260527.md|20260710_115709_gp_WMDUdgpw|20260710_115725_gp_mPuwEjYw|20260710_115730_gp_ytcZloOQ|photo_import_20260710T232017,,
part_mech_heater_hose_set,05_mechanical_baseline,mechanical_baseline,"Heater hose pair - EPDM 400 mm inlet + 280 mm outlet, 16 mm ID",sample_photos_added,sample_route_photos_added_cost_missing,unclear,,missing,no,Amir runner / Longman Mills / local hose supplier,,user_plan_2026-04-12_engine_bay_review|user_update_2026-05-01_engine_hose_spec|data/manual/replacement_pipe_order_release_specs.csv|data/manual/replacement_pipe_release_actions.csv|data/manual/longman_pipe_hose_order_specs.csv|user_update_2026-05-29_list_under_amir_mechanical_easy|docs/amir-montgomery-road-shopping-list-20260527.md|20260710_115709_gp_WMDUdgpw|20260710_115725_gp_mPuwEjYw|20260710_115730_gp_ytcZloOQ|photo_import_20260710T232017,,
part_mech_thermostat_gasket,05_mechanical_baseline,mechanical_baseline,Thermostat plus gasket,received,received,completed_or_received,,missing,no,,,user_plan_2026-04-12_engine_bay_review|user_update_2026-04-20_photo_review,,
part_mech_radiator_cap,05_mechanical_baseline,radiator,Radiator cap,planned,runner_spec_controlled,runner_spec_controlled,,missing,no,Amir runner / local radiator shop / Toyota parts counter,,user_plan_2026-04-12_engine_bay_review|user_update_2026-05-01_engine_hose_spec|user_update_2026-05-29_list_under_amir_mechanical_easy|docs/amir-montgomery-road-shopping-list-20260527.md,,
part_mech_vacuum_hose_refresh,05_mechanical_baseline,mechanical_baseline,Vacuum/breather hose kit - 10-12 mm vacuum + 16-19 mm oil-resistant breather,purchase_ready,purchase_ready_standard_stock,buy_now,,missing,no,Amir runner / Longman Mills / local hose supplier,,user_plan_2026-04-12_engine_bay_review|user_update_2026-05-01_engine_hose_spec|data/manual/replacement_pipe_order_release_specs.csv|data/manual/replacement_pipe_release_actions.csv|data/manual/longman_pipe_hose_order_specs.csv|user_update_2026-05-29_list_under_amir_mechanical_easy|docs/amir-montgomery-road-shopping-list-20260527.md,,
part_mech_fuel_hose_and_clamps,05_mechanical_baseline,mechanical_baseline,"Diesel fuel hose/line package - 8 mm feed, 6 mm return, leak-off hose, new hard lines",purchase_ready,purchase_ready_measured_stock,buy_now,,missing,no,Amir runner / Longman Mills / local diesel hose supplier,,user_plan_2026-04-12_engine_bay_review|user_update_2026-05-01_engine_hose_spec|data/manual/replacement_pipe_order_release_specs.csv|data/manual/replacement_pipe_release_actions.csv|data/manual/longman_pipe_hose_order_specs.csv|user_update_2026-05-29_list_under_amir_mechanical_easy|docs/amir-montgomery-road-shopping-list-20260527.md,,
part_mech_brake_flex_hose_set,06_steering_brakes_suspension,steering_brakes_suspension,Brake hydraulic hose/line package - new flex hoses + 4.75 mm hard-line coil allowance,planned,runner_spec_controlled,runner_spec_controlled,,missing,no,Aamir runner / Montgomery Road brake pipe-hose supplier / written spec or mechanic-labelled sample required,,user_plan_2026-04-12_engine_bay_review|data/manual/replacement_pipe_order_release_specs.csv|data/manual/replacement_pipe_release_actions.csv|docs/brake-line-cheap-sourcing-20260524.md|docs/pakistan-brake-piping-handbrake-sources-20260524.md|web_sna_industries_steel_brake_pipes_brake_hoses|user_update_2026-05-24_price_brake_lines_before_other_parts|user_update_2026-05-27_gettable_local_brake_items|docs/amir-montgomery-road-shopping-list-20260527.md|user_update_2026-05-27_aamir_runner_not_mechanic|user_update_2026-05-27_spec_controlled_runner_purchase|docs/brake-runner-spec-capture-20260528.md|user_update_2026-05-28_rear_parking_brake_back_section_photos,,
part_front_disc_pads_hardware,06c_brake_system,brake_system,Front disc pads and retaining hardware - parent split into component purchase rows,split,not_required_split_into_component_rows,cancelled_or_not_required,,missing,no,Amir runner / Montgomery Road / local Toyota-Land Cruiser parts counter,,BR-FRONT-001|user_update_2026-05-30_split_front_pad_hardware_components|docs/amir-montgomery-road-shopping-list-20260527.md|data/manual/front_disc_component_order_options.csv,,
part_front_disc_pad_axle_set_sumitomo_20260530,06c_brake_system,brake_system,Front disc brake pad axle set - one matched axle set for Sumitomo fixed calipers,required,runner_spec_controlled,buy_now,39.99,estimate,no,BTB Products / CruiserParts / local Toyota-Land Cruiser parts counter,https://btbprod.com/product/fj40-fj45-fj55-fj60-fj62-performance-front-disc-brake-pad-04491-60010-set-1970-1971-1972-1973-1974-1975-1976-1977-1978-1979-1980-1981-1982-1983-1984-1985-1986-1987-1988-1989-1990/,BR-FRONT-001|user_update_2026-08-16_front_brake_parts_confirmed_required,,
part_front_disc_pad_pin_hardware_kit_sumitomo_20260530,06c_brake_system,brake_system,Front brake pad retaining hardware kit - 4 pins / 2 anti-rattle springs / 2 pin clips,required,runner_spec_controlled,buy_now,8.00,estimate,no,CruiserTeq / Man-A-Fre / local Toyota-Land Cruiser parts counter,https://cruiserteq.com/front-caliper-hardware-kit-fits-9-1975-1-1990-4x-5x-6x-7x-with-factory-front-disc-brakes-br06158k/,BR-FRONT-001|user_update_2026-08-16_front_brake_parts_confirmed_required,,
part_front_caliper_rebuild_or_replace_pair,06c_brake_system,brake_system,Front Sumitomo four-piston calipers - rebuild both originals or buy matched LH/RH pair,required,runner_spec_controlled,buy_now,,missing,no,Land Cruiser parts shop / professional brake caliper rebuilder,,BR-FRONT-002|user_update_2026-08-16_front_brake_parts_confirmed_required,,
part_front_rotor_service_pair,06c_brake_system,brake_system,Front vented rotors - two new matched rotors replaced as a pair,required,runner_spec_controlled,buy_now,,missing,no,Local Toyota / Land Cruiser parts counter / brake parts shop,,BR-FRONT-003|user_update_2026-08-16_front_brake_parts_confirmed_required,,
part_front_brake_hose_pair,06c_brake_system,brake_system,Front flexible hoses - lower wheel hoses x2 plus upper/frame hose x1 only if fitted,required,runner_spec_controlled,buy_now,,missing,no,Montgomery Road brake hydraulic hose shop / Toyota-Land Cruiser parts counter,,BR-FRONT-004|user_update_2026-08-16_front_brake_parts_confirmed_required,,
part_brake_master_reservoir_refresh,06c_brake_system,brake_system,Brake master cylinder candidate order - ULTIMA UFM-1041 x1; reservoir/proportioning still inspect,ordered,ordered_pending_delivery,ordered_waiting_arrival,6307,confirmed,yes,PakWheels AUTOSTORE,,BR-SYS-001|20260331_224409|20260331_224423|gmail_msg_19e5e217925bd4c7|gmail_order_1075298|gmail_msg_19e88fa7035750dd|gmail_cancel_1075421|gmail_msg_19e8e727ef0410d4|leopards_KI7535728644,,
part_brake_booster_servo_44610_60050,06c_brake_system,brake_system,Existing brake vacuum booster - retain; optional professional refurbishment only,not_required,not_required_optional_refurbishment_only,cancelled_or_not_required,,not_required,no,Existing fitted booster / professional brake-servo rebuilder,,BR-SYS-003|user_update_2026-07-29_brake_booster_confirmed_fine_cosmetic_tidy_only|user_update_2026-08-16_booster_scout_closed_optional_refurbishment_only,,
part_dot3_brake_fluid_autohub_6x354ml,06c_brake_system,brake_system,DOT 3 brake fluid x6 - Autohub agreed replacement/substitution received,received,received,completed_or_received,5349,confirmed,yes,Autohub,,gmail_msg_19def26c095be6e3|gmail_order_1762228|autohub_order_62228|bank_alert_19def26f0ee43471|gmail_msg_19df71b7d1c14a42|gmail_msg_19df81f2b45fe7de|blueex_tracking_AhubRider|user_update_2026-05-08_brake_fluid_replacement_arrived,,
part_brake_clutch_475_hard_line_stock_full_vehicle_20260514,06c_brake_system,brake_system,Brake/clutch hard-line tube stock candidate - Altivox 3/16 in 25 ft kit with 28 fittings,received_candidate,received_candidate,needs_confirmation,35496,confirmed,yes,Ubuy,,user_update_2026-05-14_full_vehicle_brake_clutch_line_purchase_list|HLS-15|HLS-19|BR-REAR-002|RP-BRAKE-001|RP-CLUTCH-001|docs/brake-line-cheap-sourcing-20260524.md|docs/pakistan-brake-piping-handbrake-sources-20260524.md|web_sna_industries_steel_brake_pipes_brake_hoses|gari_lahore_mild_steel_hydraulic_brake_pipe_reference|fedhill_25ft_cunifer_reference|fcp_euro_25ft_cunifer_reference|user_update_2026-05-24_price_brake_lines_before_other_parts|user_update_2026-05-27_amir_brake_tube_purchase_run|docs/amir-montgomery-road-shopping-list-20260527.md|user_update_2026-05-28_procured_by_amir|gmail_msg_19e88d9b5b2e0cca|ubuy_order_1622606272102|user_update_2026-06-18_copper_tubing_arrived|user_update_2026-06-18_rear_wheel_cylinder_clarification,,
part_brake_clutch_hard_line_fittings_20260514,06c_brake_system,brake_system,Brake/clutch hard-line flare nuts and fitting assortment - match old threads and seats,planned_buy_anyway,buy_spare_set_sample_match_before_install,unclear,,missing,no,local brake hydraulic pipe specialist,,user_update_2026-05-14_full_vehicle_brake_clutch_line_purchase_list|HLS-15|HLS-19|BR-CAPTURE-001|20260514_111300_user_brake_flare_side_view|docs/brake-line-cheap-sourcing-20260524.md|user_update_2026-05-24_price_brake_lines_before_other_parts|user_query_2026-06-19_flare_nut_connectors_order_check|user_update_2026-06-19_buy_flare_tube_nuts_anyway,,
part_brake_hydraulic_tees_unions_splitters_20260514,06c_brake_system,brake_system,Brake hydraulic splitter T-union and inline union replacement set,received_candidate,received_candidate,needs_confirmation,,missing,no,on-hand brake tee/union stock / old-location sample match,,user_update_2026-05-14_rear_axle_splitter_purchase_list|BR-REAR-002|BR-REAR-003|BR-SYS-001|BR-CAPTURE-001|docs/brake-line-cheap-sourcing-20260524.md|user_update_2026-05-24_price_brake_lines_before_other_parts|user_update_2026-05-30_on_hand_pclips_uclips_brake_tees,,
part_brake_flex_hose_retaining_clip_pack_20260514,06c_brake_system,brake_system,Brake flex-hose retaining U-clips and bracket hardware pack,received_candidate,received_candidate,needs_confirmation,,missing,no,on-hand brake hose U-clip stock / original bracket location match,,user_update_2026-05-14_full_vehicle_brake_clutch_line_purchase_list|HLS-17|BR-FRONT-004|BR-REAR-003|docs/rear-drum-brake-buy-sheet-20260524.md|user_update_2026-05-30_on_hand_pclips_uclips_brake_tees,,
part_brake_clutch_line_support_clamps_full_vehicle_20260514,06c_brake_system,brake_system,"Full vehicle brake/clutch line support pack - P-clips, clamp-on axle supports, edge protection",received_candidate,received_candidate,needs_confirmation,,missing,no,on-hand P-clip and support stock / original line-route match,,user_update_2026-05-14_clamp_on_line_supports|HLS-16|BR-REAR-006|docs/rear-drum-brake-buy-sheet-20260524.md|user_update_2026-05-30_on_hand_pclips_uclips_brake_tees,,
part_clutch_flex_hose_assembly_20260514,06c_brake_system,brake_system,Clutch hydraulic flex hose assembly - complete crimped hose by sample,planned,spec_needed_before_order,needs_spec_before_order,,missing,no,brake/clutch hydraulic hose supplier,,user_update_2026-05-14_full_vehicle_brake_clutch_line_purchase_list|HLS-18|RP-CLUTCH-001,,
part_clutch_hard_line_fittings_20260514,06c_brake_system,brake_system,Clutch hard-line fitting set and route release - 4.75 mm hydraulic line,planned,spec_needed_before_order,needs_spec_before_order,,missing,no,brake/clutch hydraulic pipe specialist,,user_update_2026-05-14_full_vehicle_brake_clutch_line_purchase_list|HLS-19|RP-CLUTCH-001,,
part_clutch_master_slave_cylinders_20260514,06c_brake_system,brake_system,Clutch master cylinder candidates - Trupart FM-1246 x2; slave cylinder still inspect,ordered,ordered_partial_pending_delivery,ordered_waiting_arrival,7494,confirmed,yes,PakWheels AUTOSTORE,,user_update_2026-05-14_full_vehicle_brake_clutch_line_purchase_list|RP-CLUTCH-001|gmail_msg_19e5e217925bd4c7|gmail_order_1075298|gmail_msg_19e738813f17b21a|gmail_order_1076462|gmail_msg_19e845e2066cb973|leopards_KI7535728645|gmail_msg_19e849773712523b|leopards_KI7535715250,,
part_rear_parking_brake_cable_set,06c_brake_system,brake_system,FJ40 BJ-40 Toyota Land Cruiser hand brake cable,received,received_candidate_or_buy_missing_sections,completed_or_received,5795,confirmed,yes,Daraz / Vintage Jeep Parts,,BR-REAR-001|20260501_194305_gp_EllBGvXA|20260501_194322_gp_XuRtjN4w|20260512_072723_gp_r9KEkOdg|20260512_072742_gp_uSvGBUiA|20260512_072947_gp_bNB9GvHA|toyota_46410-60092_reference|cruiserparts_46410-60092_reference|web_mustakbil_sna_auto_control_cables|docs/pakistan-brake-piping-handbrake-sources-20260524.md|gmail_msg_19e5e241f244eee6|gmail_order_243701549680938|bank_alert_19e5e24ab832b0b7|user_update_2026-05-26_hand_brake_cable_received|gmail_msg_19e6365b0b6ff3b2|gmail_delivery_243701549680938|user_update_2026-06-19_long_handbrake_cable_wheel_end_parts_needed|user_update_2026-06-19_replace_all_handbrake_springs|user_update_2026-06-19_handbrake_cable_definite_need|user_request_2026-06-19_handbrake_buy_links_all_parts,,
part_rear_parking_brake_attachment_hardware_20260527,06c_brake_system,brake_system,Rear parking-brake wheel-end attachment hardware and spring set - clevis/equalizer/return springs/clips,partial_bill_lines_recorded,lever_springs_received_remaining_hardware_open,unclear,,missing,no,Aamir runner / local brake parts or hardware supplier / written spec or mechanic-labelled sample required,,BR-REAR-009|BR-REAR-001|BR-REAR-007|part_rear_parking_brake_cable_set|user_update_2026-05-27_required_purchase_line_cleanup|user_update_2026-05-27_gettable_local_brake_items|user_update_2026-05-27_aamir_runner_not_mechanic|user_update_2026-05-27_spec_controlled_runner_purchase|docs/brake-runner-spec-capture-20260528.md|user_update_2026-05-28_rear_parking_brake_back_section_photos|user_update_2026-06-19_long_handbrake_cable_wheel_end_parts_needed|user_update_2026-06-19_replace_all_handbrake_springs|20260710_103424_gp_Ab1ltlRw|20260710_103434_gp_go5dJG6w|photo_import_20260710T232017|20260710_bilal_ganj_urdu_receipt_user_photo|data/manual/bilal_ganj_bill_breakdown_20260710.csv,,
part_rear_axle_hard_brake_lines,06c_brake_system,brake_system,Rear axle brake hard-line pair - 4.75 mm / 3/16 in tube with fittings by flare/thread,planned,spec_needed_before_order,needs_spec_before_order,,missing,no,,,BR-REAR-002|20260501_194305_gp_EllBGvXA|20260501_194313_gp_lfUqLibA|20260514_100647_gp_foDr3ymA,,
part_rear_center_brake_flex_hose,06c_brake_system,brake_system,Rear center frame-to-axle brake flex hose - local/catalog first using 553-103 reference,planned,purchase_ready_local_catalog_first_pending_sample_match,buy_now,,missing,no,local brake hose/Toyota parts supplier,,BR-REAR-003|20260501_194305_gp_EllBGvXA|20260501_194313_gp_lfUqLibA|user_chat_2026-05-23_rear_drum_open|cruisercorps_553-103_reference_only|gmail_import_2026-05-24_no_brake_order|user_update_2026-05-24_local_only_no_expensive_imports,,
part_rear_brake_shoes_hardware,06c_brake_system,brake_system,Rear brake shoes/friction set - PakWheels K-2255-N/Y received but wrong width for project rear brakes; spring hardware separate,received_wrong_fit_return_exchange_required,return_exchange_required,unclear,20183,confirmed,yes,PakWheels AUTOSTORE,,BR-REAR-005|20260524_025547_gp_yCvA0bxA|20260524_025532_gp_YlEZxOmQ|gmail_order_1075298|gmail_cancel_1075421|leopards_KI7535728644|user_update_2026-06-19_new_rear_brake_shoes_on_hand|20260722_000008_user_k2255_brake_shoe_wrong_width_fit_check|docs/rear-brake-shoe-fitment-and-purchase-control-20260722.md|mk_kashiyama_catalog_2024,,
part_rear_brake_shoes_correct_k2221_20260722,06c_brake_system,brake_system,Correct rear brake shoe axle set - MK Yellow K-2221-N/Y / Toyota 04494-60010 or 04494-60011,purchase_ready_exchange_preferred,purchase_ready_exchange_preferred,buy_now,5607,current_list_price_excluding_shipping,no,GariParts.com,https://gariparts.com/products/k-2221-n-y,20260722_000008_user_k2255_brake_shoe_wrong_width_fit_check|docs/rear-brake-shoe-fitment-and-purchase-control-20260722.md|mk_kashiyama_catalog_2024|gariparts_k2221_live_listing_20260722|gariparts_shipping_policy_20260722,,
part_rear_drum_spring_hold_down_hardware_20260527,06c_brake_system,brake_system,Rear drum hardware kit - Centric 116971-05110530 1960-1980 Toyota Land Cruiser,received_candidate,received_candidate,needs_confirmation,,missing,no,Amir / local brake parts supplier,,BR-REAR-007|20260524_025547_gp_yCvA0bxA|20260524_025532_gp_YlEZxOmQ|20260524_025515_gp_zEaIZo5Q|20260524_025414_gp_VsFMrBNQ|part_rear_brake_shoes_hardware|user_update_2026-05-27_rear_drum_parts_extrapolated|user_update_2026-05-27_gettable_local_brake_items|user_update_2026-05-27_aamir_runner_not_mechanic|user_update_2026-05-27_spec_controlled_runner_purchase|docs/brake-runner-spec-capture-20260528.md|user_update_2026-05-28_rear_parking_brake_back_section_photos|user_update_2026-05-28_procured_by_amir|user_update_2026-05-28_procured_by_amir_addendum,,
part_rear_brake_line_cable_clips,06c_brake_system,brake_system,Rear line/cable support pack - brake-line clips cable retainers and rubber-lined P-clips,received_candidate,received_candidate,needs_confirmation,,missing,no,on-hand rear line/cable clip stock / original rear route match,,BR-REAR-006|20260501_194305_gp_EllBGvXA|20260501_194313_gp_lfUqLibA|20260512_072730_gp_jSK3r3bg|20260512_072929_gp_bpHkNO2Q|20260512_072947_gp_bNB9GvHA|user_update_2026-05-24_local_only_no_expensive_imports|user_update_2026-05-30_on_hand_pclips_uclips_brake_tees,,
part_mech_engine_mount_set,05_mechanical_baseline,mechanical_baseline,Engine mount inspection note - no active purchase,not_required,not_required_no_engine_removal_scope,cancelled_or_not_required,,missing,no,,,user_plan_2026-04-12_engine_bay_review|user_update_2026-05-03_no_engine_lift_baseline|user_update_2026-05-04_no_engine_removal_scope_parts_trim,,
part_mech_clutch_master_slave_refresh,05_mechanical_baseline,mechanical_baseline,Clutch hydraulic refresh aggregate - superseded by explicit brake-system clutch rows,not_required,not_required_superseded_by_explicit_clutch_rows,cancelled_or_not_required,,missing,no,,,user_plan_2026-04-12_engine_bay_review|user_update_2026-05-14_full_vehicle_brake_clutch_line_purchase_list,,
part_evaporust_5l,03_body_chassis,body_chassis,Evapo-Rust 5 Litre Heavy Duty Rust Remover,received,received,completed_or_received,,missing,no,7mart,,user_update_2026-04-22_evaporust_delivered|INV-0031,,
part_nylon_fiber_wool_polishing_disc_sets_2x,03_body_chassis,body_chassis,Nylon fiber polishing disc and wool buffing polishing disc set (3pcs) plus drill adapter and grinder nut for metals x2,received,received,completed_or_received,2188,confirmed,yes,Daraz,,user_update_2026-04-24_wirecup_schedule_parts_update|gmail_msg_19dbbce97316517e|gmail_order_241938794080938|photo_20260424_part_nylon_fiber_wool_polishing_disc_sets_2x_daraz_241938794080938.jpg|gmail_msg_19dd86b5fbb89675|gmail_delivery_241938794080938,,
part_autohub_grez_off_hd_degreaser_32oz,03_body_chassis,body_chassis,GREZ OFF HD DEGREASER - Spray Nine (32 oz.),received,received,completed_or_received,3250,confirmed,yes,Autohub,,user_update_2026-04-28_autohub_order_62074|user_update_2026-04-29_autohub_cleaners_received|gmail_msg_19dcbfb32e6a25f5|gmail_msg_19dcf4539d6347c5|gmail_order_1762074,,
part_autohub_diss_apc_cleaner_5l,03_body_chassis,body_chassis,DISS (APC) All Purpose Cleaner 5L,received,received,completed_or_received,4999,confirmed,yes,Autohub,,user_update_2026-04-28_autohub_order_62074|user_update_2026-04-29_autohub_cleaners_received|gmail_msg_19dcbfb32e6a25f5|gmail_msg_19dcf4539d6347c5|gmail_order_1762074,,
part_daraz_jubilee_hose_clip_assortment_30pc,05_mechanical_baseline,mechanical_baseline,Jubilee hose clip assortment - 10 pc fuel line/diesel/petrol/coolant clamp packs x3,received,received,completed_or_received,2390,confirmed,yes,Daraz / Gravax corporation,https://www.daraz.pk/products/i645582306-s3011629985.html?urlFlag=true&mp=1 | https://www.daraz.pk/products/i645582306-s3011629988.html?urlFlag=true&mp=1 | https://www.daraz.pk/products/i645582306-s3011629989.html?urlFlag=true&mp=1,gmail_msg_19de62bcdb1080ff|gmail_order_242365766580938|gmail_msg_19e021d07abdead1|gmail_delivery_242365766580938,,
part_cavity_wax,03_body_chassis,body_chassis,HB Body U900 cavity wax spray 400ml x2,received,received,completed_or_received,4998,confirmed,yes,Autohub,https://autohub.pk/products/hb-body-u900-cavity-wax-spray-u900-400ml,user_update_2026-05-02_autohub_prep_solvent_cavity_wax_order|gmail_msg_19de69d1f1e3d70a|gmail_order_1762192|autohub_order_62192|user_update_2026-05-08_all_remaining_autohub_orders_arrived|user_update_2026-05-11_2x_u9000_cavity_wax_received|gmail_msg_19e0c5bc0f1cf25e|blueex_tracking_AhubRider,,
part_cabin_compact_fuse_boxes,04_electrical_reset,electrical_reset,Compact cabin fuse protection - reuse 12-way plus buy one compact OEM add-on,candidate_photos_added,candidate_photos_added_cost_missing,unclear,,missing,no,Bilal Ganj / Montgomery Road compact OEM fuse donor supplier / OLX Mehran-Alto donor lead,,user_update_2026-05-03_cabin_fuse_boxes_not_ordered|workbook_parts_row_55_relay_block_received|workbook_parts_row_57_wrong_item_not_bought|user_reference_image_2026-05-03_compact_internal_fuse_box|user_front_rear_fuse_block_images_2026-05-04|docs/cabin-fuse-box-acquisition-20260503.md|20260710_164646_gp_B14r1TNQ|20260710_164801_gp_UBVIEcRw|20260710_164806_gp_fl9SjL8Q|photo_import_20260710T232017,,
service_local_3d_printing_fabrication_prototypes,04b_fabrication_handoff,fabrication_handoff,MIDI holder plastic underlay / subplate quote,fabrication_controlled,not_required_under_fabrication,cancelled_or_not_required,,missing,no,local plastic CNC/router or 3D printing service,,user_update_2026-05-04_scouting_3d_print_fabricated_items|docs/fabrication-handoff-index.md|data/manual/fabrication_handoff_requirements.csv,,
part_daraz_clear_pvc_bleed_hose_2m_20260504,06c_brake_system,brake_system,2meter Clear PVC Hose Tube pipe ID7mm OD10mm transparent vinyl tubing,received,received,completed_or_received,227,confirmed,yes,Daraz / GoBazaar.pk,,user_update_2026-05-04_clear_bleed_hose_order|gmail_msg_19df408f0591f0c1|gmail_msg_19e021d05ca94bc4|gmail_order_242508745080938|gmail_delivery_242508745080938,,
part_daraz_nitrile_gloves_black_l_100pc_20260504,06c_brake_system,brake_system,Safety Black Disposable Nitrile gloves 100 PCs Box - black large,received,received,completed_or_received,2333,confirmed,yes,Daraz,,user_update_2026-05-04_nitrile_gloves_order|gmail_msg_19df408f2cc8e480|gmail_order_242508745280938|user_update_2026-05-14_nitrile_gloves_received,,
part_chassis_masking_plugs_tape_solvent_wipes,03b_chassis_fixing,chassis_fixing,Chassis coating masking pack - Ultra-cloth solvent-safe wipes and masking tape,received,received,completed_or_received,7099,confirmed,yes,Autohub + Autostore.pk,,user_update_2026-05-08_chassis_raptor_masking_consumables_needed|user_update_2026-05-08_chassis_masking_tape_wipes_purchased|user_update_2026-05-11_ultra_cloth_masking_tape_received|gmail_msg_19e07889134f5cb5|gmail_order_1762336|gmail_msg_19e0c5bf0525eaf0|blueex_tracking_AhubRider|bank_alert_19e0788ae42cca42|gmail_msg_19e078ab2e5df2f2|autostore_order_80788,,
part_aliexpress_waterproof_relay_5pin_40a_6pc_20260511,04_electrical_reset,electrical_reset,Waterproof 5-pin 40A automotive relay pack - 5PIN 40A DC12V x6,received,received,completed_or_received,8196,confirmed,yes,AliExpress,,gmail_msg_19e10f7bc91fba44|gmail_msg_19e161ddf7117e32|gmail_order_3070231697837489|user_update_2026-05-13_relay_pack_arrived,switch_options,Switch inventory
part_fabrication_raw_mild_steel_plate_3mm_20260513,04b_fabrication_handoff,fabrication_handoff,3.0 mm mild-steel sheet plus 90-degree angle/L-section stock for compact battery tray/access ladder,fabrication_controlled,not_required_under_fabrication,cancelled_or_not_required,,estimate,no,local steel stockholder / sheet-metal shop,,data/manual/fabrication_raw_material_estimates.csv|data/manual/fabrication_metal_stock_requirements.csv|docs/fabrication-raw-materials-procurement-estimate-20260513.md|docs/fabrication-metal-stock-list-20260514.md|data/manual/fabrication/battery_power_carrier_mount_rev_a/fabricator_cut_list.csv,,
part_fabrication_raw_mild_steel_plate_4mm_20260513,04b_fabrication_handoff,fabrication_handoff,4.0 mm mild-steel plate plus structural 90-degree angle/L-section stock for compact battery saddle/upright/offset bars and EPS adapter trials,fabrication_controlled,fabrication_quote_ready,unclear,,estimate,no,local steel stockholder / sheet-metal shop,,data/manual/fabrication_raw_material_estimates.csv|data/manual/fabrication_metal_stock_requirements.csv|docs/fabrication-raw-materials-procurement-estimate-20260513.md|docs/fabrication-metal-stock-list-20260514.md|data/manual/fabrication/battery_power_carrier_mount_rev_a/fabricator_cut_list.csv,,
part_fabrication_raw_aluminium_plate_3mm_20260513,04b_fabrication_handoff,fabrication_handoff,"3.0 mm 5052-H32 aluminium sheet for MIDI enclosure, Relay Rev D base, and cutoff electrical plates",fabrication_controlled,not_required_under_fabrication,cancelled_or_not_required,,estimate,no,local aluminium stockholder / sheet-metal shop,,data/manual/fabrication_raw_material_estimates.csv|docs/fabrication-raw-materials-procurement-estimate-20260513.md|data/manual/fabrication/midi5_enclosure_rev_d/README.md|data/manual/fabrication/battery_power_carrier_mount_rev_a/README.md|data/manual/fabrication/relay_mount_rev_d/README.md,switch_options,Switch inventory
part_fabrication_raw_electrical_plastic_sheet_20260513,04b_fabrication_handoff,fabrication_handoff,Electrical insulating plastic/G10 sheet - MIDI 5.0 mm board and relay 3.0 mm sheet,fabrication_controlled,not_required_under_fabrication,cancelled_or_not_required,,estimate,no,local plastic CNC/router or sheet supplier,,data/manual/fabrication_raw_material_estimates.csv|docs/fabrication-raw-materials-procurement-estimate-20260513.md|data/manual/fabrication/midi5_enclosure_rev_d/README.md|data/manual/fabrication/relay_mount_rev_d/README.md,switch_options,Switch inventory
part_fabrication_raw_epdm_sheet_small_isolators_20260513,04b_fabrication_handoff,fabrication_handoff,3-5 mm EPDM/SBR sheet for G0 guard-holder and battery anti-chafe pads,fabrication_controlled,fabrication_quote_ready,unclear,,estimate,no,local rubber sheet supplier / Longman fallback,,data/manual/fabrication_raw_material_estimates.csv|docs/fabrication-raw-materials-procurement-estimate-20260513.md|data/manual/fabrication/na_cooling_connector_arms_rev_o/fabricator_cut_list.csv,,
part_tub_repair_steel_sheet_1_2mm_20260513,03_body_chassis,body_chassis,1.2 mm cold-rolled mild-steel sheet for tub skin/floor patch plates,fabrication_controlled,not_required_under_fabrication,cancelled_or_not_required,,estimate,no,local steel stockholder / body-panel sheet supplier,,data/manual/fabrication_raw_material_estimates.csv|docs/fabrication-raw-materials-procurement-estimate-20260513.md|docs/tub-off-refit-execution-plan.md|docs/j40_welding_execution_plan_20260419.md,,
part_tub_repair_steel_sheet_1_6mm_20260513,03_body_chassis,body_chassis,1.6 mm cold-rolled mild-steel sheet for heavier tub patch plates,fabrication_controlled,not_required_under_fabrication,cancelled_or_not_required,,estimate,no,local steel stockholder / body-panel sheet supplier,,data/manual/fabrication_raw_material_estimates.csv|docs/fabrication-raw-materials-procurement-estimate-20260513.md|docs/tub-off-refit-execution-plan.md|docs/j40_welding_execution_plan_20260419.md,,
part_tub_mount_reinforcement_plate_3mm_20260513,03_body_chassis,body_chassis,3.0 mm mild-steel plate for tub body-mount backing and captive-nut repairs,fabrication_controlled,not_required_under_fabrication,cancelled_or_not_required,,estimate,no,local steel stockholder / sheet-metal shop,,data/manual/fabrication_raw_material_estimates.csv|docs/fabrication-raw-materials-procurement-estimate-20260513.md|docs/tub-off-refit-execution-plan.md|data/manual/body_mount_order_release_specs.csv,,
part_hvac_hidden_evaporator_blower_unit_20260514,07_interior_weatherproofing,ac_hvac_retrofit,Hidden compact evaporator core/case and outlet plenum for custom blower fitment,ordered,ordered_pending_delivery,ordered_waiting_arrival,36942,confirmed,yes,AliExpress,,user_update_2026-05-14_aftermarket_ac_removed_hidden_evaporator_plan|user_update_2026-05-30_cabin_ac_missing|workbook_parts_row_212|docs/hvac-evaporator-blower-sourcing-20260514.md|docs/amir-montgomery-road-shopping-list-20260527.md|gmail_msg_19e78b8a26f000c1|bank_alert_19e78b8dbe36d812|aliexpress_order_3073062248277489|gmail_msg_19e8cd7d9efb4afa|aliexpress_shipped_3073062248277489,,
part_hvac_alibaba_underdash_evaporator_sample_20260529,07_interior_weatherproofing,ac_hvac_retrofit,Alibaba under-dash A/C evaporator assembly sample - 12V heat/cool 4 vents,cancelled,not_required_cancelled,cancelled_or_not_required,45,cancelled,no,Alibaba Trade Assurance,,gmail_msg_19e76240ad0d5bc6|alibaba_order_302575831501027345|gmail_msg_19f10ae73a42cc4f|alibaba_cancel_302575831501027345,,
part_hvac_slim_louver_outlet_panel_20260514,07_interior_weatherproofing,ac_hvac_retrofit,Suzuki Cultus/Celerio circular chrome dashboard A/C grille outlets - 2-grille packs x2 / 4 physical vents,ordered,ordered_pending_delivery,ordered_waiting_arrival,4569,confirmed,yes,AL.Zain Mart / Daraz,https://www.daraz.pk/products/suzuki-cultus-dashboard-ac-grill-side-grill-2018-2024-chrome-suzuki-cultus-2017-2024-avk-dashboard-ac-grill-vent-chrome-1-grill-pc-suzuki-cultus-celerio-side-ac-grill-sides-ac-wings-2017-2023-i607758031.html,user_update_2026-08-02_four_ac_outlets_purchased|gmail_order_246057471480938|data/manual/fabrication/dashboard_lcd_hvac_fascia_rev_i/README.md,,
part_hvac_return_air_grille_filter_20260514,07_interior_weatherproofing,ac_hvac_retrofit,Hidden return-air grille and washable filter for evaporator intake,planned,purchase_ready,buy_now,,missing,no,Coolsun / local automotive A/C supplier,,user_update_2026-05-14_aftermarket_ac_removed_hidden_evaporator_plan,,
part_hvac_control_panel_20260514,07_interior_weatherproofing,ac_hvac_retrofit,Compact A/C control panel or integrated controls,planned,purchase_ready,buy_now,,missing,no,Coolsun / local automotive A/C supplier,,user_update_2026-05-14_aftermarket_ac_removed_hidden_evaporator_plan|workbook_parts_row_214,,
part_hvac_duct_defrost_hose_kit_20260514,07_interior_weatherproofing,ac_hvac_retrofit,"Measured HVAC duct branches, smooth vent/plenum adapters, and separate defrost/demist hose kit",planned,measurement_hold,buy_after_measurement,,missing,no,Coolsun / local automotive A/C supplier,,user_update_2026-05-14_aftermarket_ac_removed_hidden_evaporator_plan|workbook_parts_row_215|RUB-025|docs/hvac-ebu404-two-outlet-conversion-design-20260802.md|data/manual/hvac_system_requirements.csv,,
part_hvac_evaporator_drain_mount_kit_20260514,07_interior_weatherproofing,ac_hvac_retrofit,Evaporator drain hose and mounting/sealing kit,planned,purchase_ready,buy_now,,missing,no,Coolsun / local automotive A/C supplier,,user_update_2026-05-14_aftermarket_ac_removed_hidden_evaporator_plan|workbook_parts_row_216|RUB-024,,
part_hvac_parallel_flow_condenser_20260514,05_mechanical_baseline,ac_hvac_retrofit,Parallel-flow A/C condenser sized to core support,planned,purchase_ready,buy_now,,missing,no,Amir runner / Coolsun / local automotive A/C supplier,,user_update_2026-05-14_aftermarket_ac_removed_hidden_evaporator_plan|workbook_parts_row_217|user_update_2026-05-29_list_under_amir_mechanical_easy,,
part_hvac_receiver_drier_20260514,05_mechanical_baseline,ac_hvac_retrofit,Receiver-drier matched to R134a A/C layout,planned,purchase_ready,buy_now,,missing,no,Amir runner / Coolsun / local automotive A/C supplier,,user_update_2026-05-14_aftermarket_ac_removed_hidden_evaporator_plan|workbook_parts_row_218|user_update_2026-05-29_list_under_amir_mechanical_easy,,
part_hvac_trinary_switch_20260514,05_mechanical_baseline,ac_hvac_retrofit,Trinary pressure switch for A/C compressor and fan control,planned,purchase_ready,buy_now,,missing,no,Amir runner / Coolsun / local automotive A/C supplier,,user_update_2026-05-14_aftermarket_ac_removed_hidden_evaporator_plan|workbook_parts_row_219|user_update_2026-05-29_list_under_amir_mechanical_easy,switch_options,Switch inventory
part_hvac_barrier_hose_fittings_20260514,05_mechanical_baseline,ac_hvac_retrofit,A/C barrier hose and refrigerant-compatible fittings,planned,purchase_ready,buy_now,,missing,no,Amir runner / Coolsun / local automotive A/C supplier,,user_update_2026-05-14_aftermarket_ac_removed_hidden_evaporator_plan|workbook_parts_row_220|RUB-024|HLS-22|user_update_2026-05-29_list_under_amir_mechanical_easy,,
part_hvac_firewall_bulkhead_fittings_20260514,05_mechanical_baseline,ac_hvac_retrofit,A/C firewall bulkhead fittings and sealing grommets,planned,purchase_ready,buy_now,,missing,no,Amir runner / Coolsun / local automotive A/C supplier,,user_update_2026-05-14_aftermarket_ac_removed_hidden_evaporator_plan|workbook_parts_row_221|user_update_2026-05-29_list_under_amir_mechanical_easy,grommet_options,Grommet options
part_hvac_blower_clutch_fan_wiring_20260514,04_electrical_reset,ac_hvac_retrofit,"Relay, fuse, switch, and wiring pack for blower, compressor clutch, and condenser fan request",planned,purchase_ready,buy_now,,missing,no,local electrical / automotive A/C supplier,,user_update_2026-05-14_aftermarket_ac_removed_hidden_evaporator_plan|workbook_parts_row_222,switch_options,Switch inventory
part_hvac_r134a_oil_oring_charge_kit_20260514,05_mechanical_baseline,ac_hvac_retrofit,"HNBR O-rings, refrigerant oil, vacuum/leak test, and R134a charge setup",planned,purchase_ready,buy_now,,missing,no,Amir runner / Coolsun / local automotive A/C supplier,,user_update_2026-05-14_aftermarket_ac_removed_hidden_evaporator_plan|workbook_parts_row_224|RUB-024|user_update_2026-05-29_list_under_amir_mechanical_easy,,
part_daraz_cable_clip_clamp_assortment_20260527,04_electrical_reset,electrical_reset,Daraz cable support clamp assortment - 2/3mm wire-rope clamps x10 and 304 stainless PV cable clips x10,received,received,completed_or_received,2216,confirmed_prorated,no,Daraz / Buy More Save More Store,,gmail_msg_19e6616c326fb4d4|gmail_order_242670698380938|bank_alert_19e6618015d8106b|gmail_msg_19eb180fb11bdef1|gmail_delivery_242670698380938,,
part_raptor_hardener_1l_amir_20260528,03b_chassis_fixing,chassis_fixing,Raptor hardener / activator - 1 L,received_candidate,received_candidate,needs_confirmation,,missing,no,Amir / local paint supplier,,user_update_2026-05-28_procured_by_amir,,
part_brighto_extreme_paint_remover_3l_amir_20260528,03b_chassis_fixing,chassis_fixing,Brighto Extreme Paint Remover - 3 L,received,received,completed_or_received,4670,confirmed,yes,Brighto Paints,,user_update_2026-05-28_procured_by_amir_addendum|gmail_msg_19e868d88f131e0b|gmail_msg_19e88ca5449085af|brighto_order_1695|user_update_2026-06-15_paint_remover_in_use,,
part_brighto_extreme_paint_remover_3l_second_order_20260618,03b_chassis_fixing,chassis_fixing,Brighto Extreme Paint Remover - 3 L second order,ordered,ordered_pending_delivery,ordered_waiting_arrival,4670,confirmed,yes,Brighto Paints,,gmail_msg_19edbb1a3c20d90d|brighto_order_1701,,
part_daraz_brass_bsp_reducing_hex_bushing_adapters_20260616,00_site_setup,site_setup,Daraz brass BSP reducing hex bushing adapter assortment - qty 5,received,received,completed_or_received,3608,confirmed,yes,Daraz / Buy More Save More Store,,gmail_msg_19f185b3c217d447|gmail_delivery_244793706280938,,
part_daraz_kobe_heat_resistant_matt_black_spray_20260704,06c_brake_system,brake_system,Kobe heat-resistant matt black silicone spray topcoat candidate - qty 1,received,received,completed_or_received,1799,confirmed,yes,Daraz / Collection Point (Lahore),,gmail_msg_19f2e1d68c25ae75|gmail_order_245681309080938|bank_alert_19f2e1f5884d8494|gmail_msg_19f3cf54dc19f0a5|gmail_delivery_245681309080938,,
part_toolsmart_vmd_brake_clutch_cleaner_400ml_tm26231_20260704,06c_brake_system,brake_system,VMD Brake and Clutch Cleaner 400ML - qty 1,ordered,ordered_pending_delivery,ordered_waiting_arrival,2007,confirmed_prorated,no,ToolsMart.pk,,gmail_msg_19f2e1b762150a0a|gmail_order_TM26231|bank_alert_19f2e1c3b899295f,,
part_daraz_permatex_synthetic_brake_caliper_lubricant_20260704,06c_brake_system,brake_system,"Permatex Synthetic Brake Caliper Lubricant, 0.5 oz - qty 1",received,received,completed_or_received,2590,confirmed,yes,Daraz / UA Techno precision (Multan),,gmail_msg_19f2f7229795ea30|gmail_order_245692972480938|gmail_msg_19f4b94ce49a76ba|gmail_delivery_245692972480938,,
part_bilal_ganj_cover_foam_rubber_20260710,03_body_chassis,chassis_rubbers,Bilal Ganj receipt line - cover foam rubber / کور فوم ربڑ x4,received,completed_receipt_line,completed_or_received,10000,confirmed,yes,Muhammad Bilal / Bilal Ganj rubber-body hardware supplier,,20260710_bilal_ganj_urdu_receipt_user_photo|data/manual/bilal_ganj_bill_breakdown_20260710.csv|20260710_222718_gp_bIgLuHVw|20260710_223557_gp_RgUvwq5g|20260710_224045_gp_fSkEXeCg,floor_finish_stack,Floor/interior finish stack
part_bilal_ganj_body_packing_20260710,03_body_chassis,chassis_rubbers,Bilal Ganj receipt line - body packing / باڈی پیکنگ x2,received,completed_receipt_line,completed_or_received,3000,confirmed,yes,Muhammad Bilal / Bilal Ganj rubber-body hardware supplier,,20260710_bilal_ganj_urdu_receipt_user_photo|data/manual/bilal_ganj_bill_breakdown_20260710.csv|20260710_165119_gp_LStiDaCg|20260710_223009_gp_v6AjWz1A|20260710_223401_gp_PoVmWQPw|20260710_224045_gp_fSkEXeCg,,
part_bilal_ganj_lever_springs_20260710,06c_brake_system,brake_system,Bilal Ganj receipt line - lever springs / لیور سپرنگ x4,received,completed_receipt_line,completed_or_received,1000,confirmed,yes,Muhammad Bilal / Bilal Ganj rubber-body hardware supplier,,20260710_bilal_ganj_urdu_receipt_user_photo|data/manual/bilal_ganj_bill_breakdown_20260710.csv|20260710_103434_gp_go5dJG6w|part_rear_parking_brake_attachment_hardware_20260527,,
part_turbocharger_matched_2h_20260717,09_optional_upgrades,turbocharger_powertrain,CT26-pattern TD05H 16G wastegated turbo for Toyota 2H-117299 conservative road build,planned,engine_health_goods_receipt_and_map_match_hold,unclear,,missing,no,Verified diesel turbo specialist / inspected package supplier,,docs/2h-turbo-suitability-and-options-20260717.md|docs/2h-turbo-recommended-build-process-20260801.md,,
part_turbo_exhaust_manifold_2h_20260717,09_optional_upgrades,turbocharger_powertrain,Toyota 2H turbo exhaust manifold or engineered manifold-adapter assembly,planned,engine_identity_and_mockup_hold,unclear,,missing,no,2H diesel specialist / exhaust manifold fabricator,,docs/2h-turbo-suitability-and-options-20260717.md,,
part_turbo_manifold_gasket_stud_set_20260717,09_optional_upgrades,turbocharger_powertrain,New 2H exhaust manifold gasket turbo flange gasket studs nuts and locking hardware set,planned,buy_with_final_manifold,unclear,,missing,no,Toyota diesel parts counter / turbo specialist / industrial fastener supplier,,docs/2h-turbo-suitability-and-options-20260717.md,,
part_turbo_wastegate_actuator_control_20260717,09_optional_upgrades,turbocharger_powertrain,Matched internal wastegate actuator boost reference hose and control fittings,planned,buy_with_final_turbo,unclear,,missing,no,Turbo manufacturer / authorised distributor,,docs/2h-turbo-suitability-and-options-20260717.md,,
part_turbo_oil_feed_takeoff_20260717,09_optional_upgrades,turbocharger_powertrain,Engine oil-gallery take-off adapter tee and gauge/sender provision for turbo feed,planned,oil_pressure_port_measurement_hold,unclear,,missing,no,Diesel engine specialist / hydraulic fitting supplier,,docs/2h-turbo-suitability-and-options-20260717.md,,
part_turbo_oil_feed_line_20260717,09_optional_upgrades,turbocharger_powertrain,Turbo oil-feed line with heat sleeve and supported end fittings,planned,buy_after_turbo_and_route_lock,unclear,,missing,no,Turbo manufacturer / quality hydraulic hose fabricator,,docs/2h-turbo-suitability-and-options-20260717.md,,
part_turbo_oil_feed_restrictor_20260717,09_optional_upgrades,turbocharger_powertrain,Turbo oil-feed restrictor or calibrated inlet fitting if required by selected turbo,planned,manufacturer_spec_hold,unclear,,missing,no,Turbo manufacturer / authorised distributor,,docs/2h-turbo-suitability-and-options-20260717.md,,
part_turbo_oil_drain_flange_20260717,09_optional_upgrades,turbocharger_powertrain,Turbo-specific oil-drain flange gasket and fasteners,planned,buy_with_final_turbo,unclear,,missing,no,Turbo manufacturer / authorised distributor,,docs/2h-turbo-suitability-and-options-20260717.md,,
part_turbo_oil_drain_tube_20260717,09_optional_upgrades,turbocharger_powertrain,Large-bore turbo gravity oil-drain tube hose and clamps,planned,route_measurement_hold,unclear,,missing,no,Turbo specialist / hose fabricator,,docs/2h-turbo-suitability-and-options-20260717.md,,
part_turbo_sump_return_bung_20260717,09_optional_upgrades,turbocharger_powertrain,Weld-on turbo oil-return bung for 2H sump with cap for fabrication test,planned,turbo_position_and_oil_level_hold,unclear,,missing,no,Machine shop / turbo fabricator,,docs/2h-turbo-suitability-and-options-20260717.md,,
part_turbo_water_line_set_conditional_20260717,09_optional_upgrades,turbocharger_powertrain,Turbo coolant feed and return lines fittings and heat sleeve if selected turbo is water-cooled,planned,conditional_turbo_spec_hold,unclear,,missing,no,Turbo manufacturer / cooling hose specialist,,docs/2h-turbo-suitability-and-options-20260717.md,,
part_turbo_intercooler_core_20260717,09_optional_upgrades,turbocharger_powertrain,Front or side-mounted bar-and-plate intercooler matched to 2H airflow and cooling-stack envelope,planned,cooling_stack_measurement_hold,unclear,,missing,no,Full Throttle Pakistan / verified performance cooling supplier,,docs/2h-turbo-suitability-and-options-20260717.md|docs/front-cooling-stack-fabrication-plan-20260530.md,,
part_turbo_charge_pipe_kit_20260717,09_optional_upgrades,turbocharger_powertrain,Aluminium charge-pipe bends and straight sections with beaded ends,market_lead,diameter_and_route_hold,unclear,,price_tbd,no,Full Throttle Pakistan,https://fullthrottlepakistan.com/products/universal-3-aluminum-turbo-intake-intercooler-pipe-kit-silver-for-most-cars,https://fullthrottlepakistan.com/products/universal-3-aluminum-turbo-intake-intercooler-pipe-kit-silver-for-most-cars,,
part_turbo_charge_pipe_import_lead_20260717,09_optional_upgrades,turbocharger_powertrain,Imported universal aluminium intercooler pipe hose and clamp kit market lead,market_lead,do_not_buy_wrong_diameter,unclear,47273,online_listing,no,Ubuy Pakistan / Salem Auto Parts,https://www.ubuy.com.pk/en/product/M5U12RSZO-3-60cm-universal-aluminum-intercooler-pipe-kit-polished-aluminum-turbo-intercooler-pipe-8-blue-hose-16-clamps-kit,https://www.ubuy.com.pk/en/product/M5U12RSZO-3-60cm-universal-aluminum-intercooler-pipe-kit-polished-aluminum-turbo-intercooler-pipe-8-blue-hose-16-clamps-kit,,
part_turbo_silicone_coupler_reducer_set_20260717,09_optional_upgrades,turbocharger_powertrain,Four-ply silicone straight elbow and reducer couplers for charge-air system,planned,buy_after_pipe_od_lock,unclear,,missing,no,Performance hose supplier / Full Throttle Pakistan,,docs/2h-turbo-suitability-and-options-20260717.md,,
part_turbo_tbolt_clamp_set_20260717,09_optional_upgrades,turbocharger_powertrain,Stainless T-bolt clamp set matched to every charge-pipe joint,planned,buy_after_installed_od_measurement,unclear,,missing,no,Performance hose supplier / industrial clamp supplier,,docs/2h-turbo-suitability-and-options-20260717.md,,
part_turbo_intercooler_mount_isolator_set_20260717,09_optional_upgrades,turbocharger_powertrain,Intercooler mounting brackets rubber isolators spacers and graded fasteners,planned,core_and_front_stack_hold,unclear,,missing,no,Local fabricator / rubber and fastener suppliers,,docs/front-cooling-stack-fabrication-plan-20260530.md|docs/2h-turbo-suitability-and-options-20260717.md,,
part_turbo_air_cleaner_element_housing_20260717,09_optional_upgrades,turbocharger_powertrain,High-flow sealed air-cleaner housing and service element suitable for dusty J40 use,planned,airflow_and_space_hold,unclear,,missing,no,Toyota diesel / Donaldson-type filtration supplier,,docs/2h-turbo-suitability-and-options-20260717.md,,
part_turbo_clean_air_inlet_duct_20260717,09_optional_upgrades,turbocharger_powertrain,Air-cleaner to turbo compressor inlet duct couplers clamps and support brackets,planned,turbo_and_airbox_position_hold,unclear,,missing,no,Intake hose supplier / local fabricator,,docs/2h-turbo-suitability-and-options-20260717.md,,
part_turbo_intake_manifold_adapter_20260717,09_optional_upgrades,turbocharger_powertrain,2H intake-manifold charge-air adapter/plenum connection with boost reference ports,planned,manifold_measurement_hold,unclear,,missing,no,2H diesel specialist / aluminium fabricator,,docs/2h-turbo-suitability-and-options-20260717.md,,
part_turbo_crankcase_breather_separator_20260717,09_optional_upgrades,turbocharger_powertrain,Serviceable crankcase breather oil separator and turbo-inlet return plumbing,planned,blowby_test_and_route_hold,unclear,,missing,no,Diesel filtration supplier / hose fabricator,,docs/2h-turbo-suitability-and-options-20260717.md,,
part_turbo_downpipe_flange_vband_20260717,09_optional_upgrades,turbocharger_powertrain,Turbo outlet flange or V-band assembly and gasket for fabricated downpipe,planned,buy_with_final_turbo,unclear,,missing,no,Turbo manufacturer / exhaust fabricator,,docs/2h-turbo-suitability-and-options-20260717.md,,
part_turbo_downpipe_tube_20260717,09_optional_upgrades,turbocharger_powertrain,Mandrel-bend downpipe tubing transition and fabrication stock,planned,turbo_position_and_chassis_route_hold,unclear,,missing,no,Local exhaust specialist / stainless or aluminised tube supplier,,docs/2h-turbo-suitability-and-options-20260717.md,,
part_turbo_exhaust_flex_joint_20260717,09_optional_upgrades,turbocharger_powertrain,Interlocked-lined exhaust flex joint matched to downpipe diameter,planned,buy_after_exhaust_diameter_lock,unclear,,missing,no,Quality exhaust supplier,,docs/2h-turbo-suitability-and-options-20260717.md,,
part_turbo_exhaust_system_20260717,09_optional_upgrades,turbocharger_powertrain,Low-restriction single exhaust tubing muffler tailpipe joints and service clamps,planned,full_chassis_and_body_route_hold,unclear,,missing,no,Local diesel exhaust fabricator,,docs/2h-turbo-suitability-and-options-20260717.md|data/manual/j40_as_fitted_route_pakistan_purchase_bom_20260531.csv,,
part_turbo_exhaust_hanger_set_20260717,09_optional_upgrades,turbocharger_powertrain,Turbo exhaust hanger brackets pins heat-rated rubber isolators and fasteners,planned,buy_after_exhaust_mockup,unclear,,missing,no,Local exhaust fabricator / rubber supplier,,docs/2h-turbo-suitability-and-options-20260717.md|data/manual/j40_as_fitted_route_pakistan_purchase_bom_20260531.csv,,
part_turbo_heat_shield_package_20260717,09_optional_upgrades,turbocharger_powertrain,Turbine manifold and downpipe formed heat shields with air gap stand-offs and edge protection,planned,final_hot_side_geometry_hold,unclear,,missing,no,Local sheet-metal fabricator / thermal supplier,,docs/2h-turbo-suitability-and-options-20260717.md,,
part_turbo_line_heat_sleeve_set_20260717,09_optional_upgrades,turbocharger_powertrain,High-temperature sleeves and reflective barriers for nearby oil fuel brake clutch A-C and electrical routes,planned,buy_after_clearance_map,unclear,,missing,no,Automotive thermal protection supplier,,docs/2h-turbo-suitability-and-options-20260717.md,,
part_turbo_egt_gauge_probe_20260717,09_optional_upgrades,turbocharger_powertrain,Calibrated EGT pyrometer gauge with pre-turbine thermocouple probe wiring and alarm,planned,quality_product_selection_hold,unclear,,missing,no,Verified motorsport/diesel instrumentation supplier,,docs/2h-turbo-suitability-and-options-20260717.md|https://www.justraceparts.com.au/image/catalog/manual/2025/GearX/F-JRP-GearX-Boost%2BEgt-%26-Pyrometer-Instruction-Manual.pdf,,
part_turbo_boost_gauge_quality_20260717,09_optional_upgrades,turbocharger_powertrain,Quality low-range boost gauge sensor hose fittings and illumination,planned,quality_product_selection_hold,unclear,,missing,no,Verified motorsport/diesel instrumentation supplier,,docs/2h-turbo-suitability-and-options-20260717.md,,
part_turbo_boost_gauge_daraz_lead_20260717,09_optional_upgrades,turbocharger_powertrain,Generic 52 mm electronic boost gauge Daraz market lead,market_lead,do_not_buy_without_accuracy_proof,unclear,5768,online_listing,no,Daraz / BMSM Top Collection,https://www.daraz.pk/products/ad-universal-52mm-bar-blue-led-light-pressure-turbo-boost-gauge-meter-with-sensor-holder-12v-boost-sensor-car-accessories-i525997148.html,https://www.daraz.pk/products/ad-universal-52mm-bar-blue-led-light-pressure-turbo-boost-gauge-meter-with-sensor-holder-12v-boost-sensor-car-accessories-i525997148.html,,
part_turbo_oil_pressure_gauge_sender_20260717,09_optional_upgrades,turbocharger_powertrain,Calibrated engine oil-pressure gauge sender adapter and warning provision,planned,engine_port_and_range_hold,unclear,,missing,no,Verified automotive instrumentation supplier,,docs/2h-turbo-suitability-and-options-20260717.md,,
part_turbo_coolant_temperature_gauge_sender_20260717,09_optional_upgrades,turbocharger_powertrain,Calibrated coolant-temperature gauge sender and matched adapter,planned,sender_location_and_thread_hold,unclear,,missing,no,Verified automotive instrumentation supplier,,docs/2h-turbo-suitability-and-options-20260717.md,,
part_turbo_gauge_mount_wiring_20260717,09_optional_upgrades,turbocharger_powertrain,Gauge mounting panel fused wiring terminals loom protection grommets labels and connectors,planned,dash_layout_and_gauge_selection_hold,unclear,,missing,no,Local electrical supplier / gauge supplier,,docs/2h-turbo-suitability-and-options-20260717.md,grommet_options,Grommet options
part_turbo_boost_reference_hose_fittings_20260717,09_optional_upgrades,turbocharger_powertrain,Boost reference hose manifold barb fittings clamps and restrictor/damper if specified,planned,port_and_instrument_hold,unclear,,missing,no,Instrumentation / pneumatic fitting supplier,,docs/2h-turbo-suitability-and-options-20260717.md,,
part_turbo_fastener_support_bracket_stock_20260717,09_optional_upgrades,turbocharger_powertrain,Turbo downpipe charge-pipe airbox and heat-shield bracket stock plus graded fasteners and isolators,planned,buy_after_mockup_cut_list,unclear,,missing,no,Local steel/aluminium stockholder and fastener supplier,,docs/2h-turbo-suitability-and-options-20260717.md,,
part_engine_exhaust_manifold_gasket_set_20260816,05_mechanical_baseline,mechanical_baseline,Toyota 2H exhaust manifold-to-head gasket set - six port gaskets plus required sealing hardware,required,purchase_required_sample_match,buy_now,,missing,no,Toyota / Land Cruiser diesel parts supplier / engine gasket specialist,,engine_manifold_and_side_cover_refresh_20260816|codex_history_20260816_exhaust_manifold_and_pushrod_cover_decisions|user_update_2026-08-16_engine_gaskets_required,,
part_engine_pushrod_cover_gasket_set_20260816,05_mechanical_baseline,mechanical_baseline,Toyota 2H pushrod / tappet side-cover gasket pair - 11253-68010 and 11253-68020,required,purchase_required_sample_match,buy_now,,missing,no,Toyota / Land Cruiser diesel parts supplier / engine gasket specialist,,engine_manifold_and_side_cover_refresh_20260816|codex_history_20260816_exhaust_manifold_and_pushrod_cover_decisions|user_update_2026-08-16_engine_gaskets_required,,
part_rear_brake_pivot_pin_c_e_washers_20260816,06c_brake_system,brake_system,Rear brake stepped shoe-pivot hardware - pin x1 / 7 mm C washers 90213-07010 x2 / 5 mm E-rings 96160-00500 x2,required,purchase_required_sample_match,buy_now,,missing,no,Local Toyota / Land Cruiser brake parts counter / brake hardware supplier,,BR-REAR-011|rear_brake_pivot_hardware_identity_20260816|user_update_2026-08-16_rear_brake_pivot_hardware_required,,
