entry_id,phase,workstream,item,amount,currency,status,procurement_stage,company,transaction_number,expected_delivery_date,source,evidence_ref,payment_status,delivery_status,product_link,notes
part_electric_wires,04_electrical_reset,electrical_reset,Electric wires,11529,PKR,received,received_candidate,AliExpress,3070027285627489,,user_seed|whatsapp_akber|user_update,user_seed|akber_khan-00489|akber_khan-00497|user_update_2026-04-22_wiring_built|gmail_msg_19d045e33582292a|gmail_msg_19d3e56a9e4a3991|gmail_order_3070027285627489|gmail_package_PK015187314R|photo_20260424_part_electric_wires_aliexpress_3070027285627489.jpg,paid,received,,User reports most electrical is already built; verify any remaining cable-length gaps physically before buying more wire Vendor backfilled from J40_Costs.xlsx. Gmail AliExpress confirms silicone cable red/black wire 1m 4AWG (order 3070027285627489) and package PK015187314R delivered on 2026-03-30.
part_bedliner_sprays,03_body_chassis,body_chassis,Bedliner sprays,,PKR,received,received,U-POL / Raptor on hand,,,user_seed|whatsapp_akber|user_shelf_image,user_seed|akber_khan-00798|akber_khan-00800|user_shelf_image_2026-05-02_raptor_liner_visible,paid,received,,Listed by the user as still needed; chat says they are required immediately after floor repair and primer | Marked on hand from shelf image on 2026-05-02: Raptor liner bottles visible; not a primer substitute.
part_primer,03_body_chassis,body_chassis,Hi-Build Zinc Rich Epoxy Primer EC 11 two-pack set,25550,PKR,received,received,Daraz / MM PAINT,242366749280938,2026-05-09,user_seed|whatsapp_akber|user_update|gmail,user_seed|akber_khan-00798|akber_khan-00800|akber_khan-00819|user_update_2026-05-02_zinc_rich_epoxy_primer_order|gmail_msg_19de69fd6503ed45|gmail_order_242366749280938|gmail_msg_19dfcaab0866f88d|gmail_delivery_242366749280938,paid,received,https://www.daraz.pk/products/i556870547-s4006655573.html?urlFlag=true&mp=1,"Daraz order 242366749280938 confirmed 2026-05-02 from MM PAINT: ICI industrial coating Zinc Rich epoxy primer set x1, product PKR 25000 plus PKR 550 shipping, total PKR 25550. Delivery window 2026-05-07 to 2026-05-09. Product link: https://www.daraz.pk/products/i556870547-s4006655573.html?urlFlag=true&mp=1 ; image: https://pk-live-21.slatic.net/kf/Sb3943ecd4f6040c39d009641d24206143.jpg | Gmail Daraz delivery email confirms order 242366749280938 delivered on 2026-05-06; still verify base/hardener tins, mix ratio, thinner, and recoat window before primer use."
part_wax_and_grease_remover,03_body_chassis,body_chassis,3M Prep Solvent-70 1 gallon / wax and grease remover,18999,PKR,received,received,Autohub,62192,2026-05-06,user_seed|whatsapp_akber|user_update|gmail,user_seed|akber_khan-00803|akber_khan-00817|user_update_2026-05-02_autohub_prep_solvent_cavity_wax_order|gmail_msg_19de69d1f1e3d70a|gmail_order_1762192|autohub_order_62192|user_update_2026-05-08_all_remaining_autohub_orders_arrived|user_update_2026-05-11_3m_prep_solvent_received|gmail_msg_19e0c5bc0f1cf25e|blueex_tracking_AhubRider,paid,received,https://autohub.pk/products/3m-prep-solvent-70-1-gallon,"Autohub order 1762192 / order number 62192 confirmed 2026-05-02: 3M Prep Solvent - 70, 1 gal (08983) x1 at PKR 18999. Shared order also includes HB Body U900 cavity wax x2; order subtotal PKR 23997 plus PKR 249 shipping, total PKR 24246. Product link: https://autohub.pk/products/3m-prep-solvent-70-1-gallon ; image: https://cdn.shopify.com/s/files/1/0424/5433/files/3m-08983_medium.png?v=1709701797 | Gmail recheck on 2026-05-08 found the Autohub 1762192 / 62192 confirmation only; later user confirmation on 2026-05-08 closes delivery. | User confirmed on 2026-05-08 that the pre solvent / remaining Autohub orders have arrived; user reconfirmed item-level receipt on 2026-05-11. Receipt check: confirm one sealed 1 gallon 3M Prep Solvent-70 can, intact label, and no leaks or dents. | Gmail recheck 2026-05-12 found Autohub shipment email sent 2026-05-09 for order 1762192 listing 3M Prep Solvent-70 x1 and HB Body U900 cavity wax x2 via Blue-ex AhubRider; user receipt confirmations from 2026-05-08 and 2026-05-11 keep the row received."
part_seam_sealer,03_body_chassis,body_chassis,Seam sealer,7696,PKR,received,received,Autohub,1761310,,user_seed|whatsapp_akber|gmail|user_update,user_seed|akber_khan-00803|akber_khan-00820|gmail_msg_19d0ef66d4eacdee|gmail_msg_19d48a1d197405a3|gmail_order_1761310|photo_20260424_part_seam_sealer_autohub_order_1761310.jpg|user_update_2026-05-02_autohub_prep_solvent_cavity_wax_order|user_update_2026-05-08_all_remaining_autohub_orders_arrived,paid,received,,"Listed by the user as still needed; later product research includes an Autohub seam-sealer link. Gmail Autohub order 1761310 confirms 3x HB BODY 999 seam sealer and shipment status. | Payment marked paid per user confirmation on 2026-05-02; keep quantity/delivery reconciliation against order 1761310. | Gmail recheck on 2026-05-08 found the 2026-04-01 Autohub shipment email for order 1761310 but no delivery confirmation; later user confirmation on 2026-05-08 closes delivery. | User confirmed on 2026-05-08 that all remaining Autohub orders have arrived; mark the three HB BODY 999 seam sealer cartridges received. Receipt check: confirm tube count, labels, expiry/softness, and nozzle condition before body sealing."
tool_breaker_bar,00_site_setup,site_setup,"1/2 inch 24 inch breaker bar, heavy duty",,PKR,received,received,local,,,user_seed|whatsapp_akber|user_update,user_seed|akber_khan-00346|user_update_2026-05-08_breaker_bar_arrived,unknown,received,,"Listed by the user as still needed; breaker bar was part of the minimum tool list discussed around steering work | User confirmed on 2026-05-08 that the breaker bar has arrived. Amount/payment proof is still not captured; verify 1/2 inch drive, approximately 24 inch length, and head/pivot condition before using on seized fasteners."
tool_local_toolbench,00_site_setup,site_setup,Toolbench / workbench,,PKR,planned,purchase_ready,local hardware/tools market,,,user_update,user_update_2026-05-04_local_purchase_tools,not_paid,not_ordered,,"Scout local market: buy a stable workbench/toolbench with steel frame or heavy hardwood top, minimum 1200 x 600 mm working surface, 850-950 mm working height, flat top, and enough structure to bolt down a vice and pillar drill."
tool_local_bench_drill,00_site_setup,site_setup,Total TDP133501 Drill Press - 350W - 13mm,,PKR,received,received,Total / seller not captured,,,user_update|gmail,user_update_2026-05-04_total_tdp133501_drill_press_order|user_update_2026-05-12_drill_press_arrived,paid,received,,"User reported paid order 2026-05-04: Total TDP133501 Drill Press, 350W, 13 mm, quantity 1. Amount, seller, order number, and delivery ETA not yet captured. Receipt check must confirm straight spindle/no visible wobble, locking table, depth stop, and safe 220-240 V power before use. | Gmail recheck 2026-05-12 found no matching TDP133501 / drill-press receipt, shipment, or delivery email; keep pending and use seller/order details from user if available. | User confirmed on 2026-05-12 that the drill press has arrived. Receipt/use check: confirm straight spindle/no visible wobble, locking table, depth stop, chuck/key, power lead/earth, and safe 220-240 V operation before use."
tool_local_bench_vice,00_site_setup,site_setup,Bench vice / workshop vice,14970,PKR,received,received,ToolsMart.pk,TM25550,,user_update|gmail,user_update_2026-05-04_bench_vice_ordered|gmail_msg_19df40dbc5116bb3|gmail_order_TM25550|user_update_2026-05-12_bench_vice_arrived,unknown,received,,"User reported the bench vice is now ordered on 2026-05-04. Amount, seller, order number, and delivery ETA are not yet captured. Receipt check must confirm bolt-down mounting lugs, 100-150 mm jaws, smooth screw action, uncracked casting, and clean/replaceable jaws before installation on the workbench. | ToolsMart order TM25550 confirmed on 2026-05-04 includes Harden 4 inch Heavy Duty Table Vice 100mm / 9 Kg x1 at PKR 14970. Receipt check must confirm bolt-down lugs, 100 mm jaws, smooth screw action, uncracked casting, and clean jaws before mounting. | Gmail recheck on 2026-05-08 found only the ToolsMart TM25550 confirmation and no shipment or delivery email; keep pending. Payment is still not proven by Gmail alone. | Gmail recheck 2026-05-12 found only ToolsMart order TM25550 confirmation and no shipment or delivery email; keep pending delivery. | User confirmed on 2026-05-12 that the bench vice has arrived. Receipt/use check: confirm bolt-down lugs, 100 mm jaws, smooth screw action, no cracked casting, clean jaw faces, and secure mounting before use."
part_ironman_foamcell_suspension_kit,06_steering_brakes_suspension,steering_brakes_suspension,Ironman Foamcell suspension kit - main shipment (front dampers separate),575000,PKR,received,received,Ironman 4x4 supplier,,,user_update|parts_list_image,user_update_2026-05-01_ironman_foamcell_order|image_2026-05-01_ironman_foamcell_parts_list|user_update_2026-05-08_ironman_main_kit_arrived_front_dampers_pending,unknown,received,,"User update 2026-05-01: Ironman Foamcell suspension kit ordered from attached parts list; PKR 600000 less PKR 25000 discount = PKR 575000 total. User confirmed on 2026-05-08 that the main suspension kit has arrived minus the separate front damper pair. Treat the main shipment as received, but do not close suspension procurement or start final installation until the separate 24635FE front damper pair is also physically received. Receipt check main shipment against expected kit contents: 24636FE rear dampers, TOY001B front springs, TOY002B rear springs, 415UBK U-bolt kits, 713UK bush kit, 343LH/343RH shackles, 3523 steering damper, 346 pins/shackles as applicable, hardware, labels, and transit damage."
part_ironman_front_dampers_separate_shipment,06_steering_brakes_suspension,steering_brakes_suspension,Ironman Foamcell front damper pair - separate shipment (24635FE x2),,PKR,ordered,ordered_pending_delivery,Ironman 4x4 supplier,,,user_update|parts_list_image|ironman_reference|gmail,user_update_2026-05-01_front_dampers_separate_shipment|image_2026-05-01_ironman_foamcell_parts_list|ironman_24635FE_front_reference|user_update_2026-05-08_ironman_main_kit_arrived_front_dampers_pending,unknown,pending_delivery,,"Separate shipment tracker for the Ironman 24635FE front damper pair x2. User confirmed on 2026-05-08 that the main suspension kit has arrived without this front damper pair, so this row remains pending delivery. Amount is included in the main Ironman kit total to avoid double-counting. Verify 24635FE x2, bushes, washers, sleeves/spacers, labels, and body/eye clearance on receipt before closing suspension procurement or final installation. | Gmail recheck 2026-05-12 found no matching Ironman / 24635FE / front-damper shipment or delivery email; keep the separate 24635FE front damper pair pending."
part_power_steering_upgrade,06_steering_brakes_suspension,steering_brakes_suspension,Yaris-first EPS market scout - local donor/installer package plus General EPS Adapter geometry,,PKR,researching,pre_payment_market_check,,,,user_seed|whatsapp_fj40|whatsapp_akber,user_seed|fj40-00006|fj40-00263|akber_khan-00346|akber_khan-00858,not_paid,,,"Market scout only: quote and buy/no-buy check for a Yaris-first complete matched EPS conversion package. Priority is Pakistan Yaris sedan donor/installer package if the assist unit, EPS controller/module, pigtails, shafts/couplers, bench test, seller contact, return terms, full kit photos, and donor bracket/shaft geometry can be proven. Reject if standalone operation depends on donor body ECU, immobilizer, VSC/CAN messages, or scan-tool calibration. Older Yaris/Belta XP90-family complete sets remain preferred if available; Vitz XP90 is fallback. The J40 has no vehicle ECU, but the donor EPS controller/module is still required for this route. Adapter fabrication is a separate measured J40-specific release after the donor unit and vehicle-side datum points are mocked up."
part_body_mount_hardware_kit,03_body_chassis,body_chassis,Body mount hardware kit bolts sleeves washers,,PKR,spec_ready,spec_ready_release_hold,,,,user_plan_update|docs_tub_off_refit|data_body_mount_order_release_specs,user_plan_2026-04-22_tub_off_update|docs_tub-off-refit-execution-plan|data/manual/body_mount_order_release_specs.csv|data/manual/body_mount_release_actions.csv,not_paid,not_ordered,,"Spec ready: Toyota 90560-12009 style body-mount sleeves x6, length 48.1 mm, local-copy ID 10.8-11.0 mm for M10, OD copied from old/OE sleeve; cups 14; M10 trial bolts 16; nuts washers and repair pack defined. Millat bolt/nut/washer subset is now tracked separately in part_fastener_kit_a_millat; this row remains release-held for sleeves, cups, captive-thread repair material, and final bolt-length validation."
part_body_mount_shim_pack,03_body_chassis,body_chassis,Body mount shim and spacer pack,,PKR,spec_ready,spec_ready_release_hold,,,,user_plan_update|docs_tub_off_refit|data_body_mount_order_release_specs,user_plan_2026-04-22_tub_off_update|docs_tub-off-refit-execution-plan|data/manual/body_mount_order_release_specs.csv|data/manual/body_mount_release_actions.csv,not_paid,not_ordered,,Spec ready: thin shim pack 1/2/3/5 mm x12 each plus thick control pack 5/10/15 mm x4 each. Complete BMA-008 station measurement before final use.
part_fastener_kit_a_millat,03_body_chassis,body_chassis,"Fastener Kit A: Tub-to-chassis mounts (OEM positions) - M10/M12 class 8.8 bolts, matching nuts, flat+spring washers, sleeves",,PKR,ordered,ordered_pending_delivery,MTL Parts,38902|38903,,gmail|deliverables_fastener_cart|manual_reconciliation,gmail_msg_19d9d26f415b48fa|gmail_msg_19d9cd91c8d55038|gmail_msg_19d9ce99ff7c3bab|gmail_msg_19db2d73afb4876e|gmail_msg_19db2d7aa7027a2c|gmail_msg_19dbc4673054004c|gmail_msg_19dbc462741aef46|gmail_msg_19e0722af30bb1af,paid,pending_delivery,,"Registered under paid MTL/Millat orders 38902 and 38903 from 2026-04-18. Gmail evidence shows both MTL order-received emails plus user payment follow-ups on 2026-04-22 and 2026-04-24. Covers the Millat M10/M12 bolt, nut, flat-washer, and lock-washer stock; sleeve/spacer cutting still waits for body-mount dry-stack measurements before final installation. | Gmail recheck 2026-05-12 found user follow-up sent 2026-05-08 asking MTL to dispatch paid orders #38902 and #38903 because they were still marked on hold; no dispatch or delivery response was found, so keep pending delivery/on-hold follow-up."
part_fastener_kit_b_millat,03_body_chassis,body_chassis,"Fastener Kit B: Body panel/bracket hardware - M6/M8 class 8.8 flange bolts, nyloc nuts, washers",,PKR,ordered,ordered_pending_delivery,MTL Parts,38902|38903,,gmail|deliverables_fastener_cart|manual_reconciliation,gmail_msg_19d9d26f415b48fa|gmail_msg_19d9cd91c8d55038|gmail_msg_19d9ce99ff7c3bab|gmail_msg_19db2d73afb4876e|gmail_msg_19db2d7aa7027a2c|gmail_msg_19dbc4673054004c|gmail_msg_19dbc462741aef46|gmail_msg_19e0722af30bb1af,paid,pending_delivery,,"Registered under paid MTL/Millat orders 38902 and 38903 from 2026-04-18. Covers the Millat M6/M8 bolt, nut, and washer portion of the body-panel/bracket hardware set. Receipt check still needs to verify exact lengths, quantities, and any local top-up for sizes that were not clean Millat matches. | Gmail recheck 2026-05-12 found user follow-up sent 2026-05-08 asking MTL to dispatch paid orders #38902 and #38903 because they were still marked on hold; no dispatch or delivery response was found, so keep pending delivery/on-hold follow-up."
part_fastener_kit_c_captive_clip_nuts,03_body_chassis,body_chassis,Fastener Kit C remaining: Captive/clip/speed nut and weld-nut assortment - M6/M8,,PKR,planned,purchase_ready,Bilal Ganj clip/captive/rivnut suppliers,,,photo_inventory|workbook_reconciliation|user_update|count_estimate,20260503_153832_gp_0FJJiLHg|workbook_parts#row_227|user_update_2026-05-03_screw_photo_review|data/manual/fastener_photo_count_estimates.csv|user_update_2026-05-08_rivets_received|user_update_2026-05-09_m6_m8_rivnut_confirmation|photos/20260508_rivnuts_received_user_photo.png|photos/20260508_m6_rivnut_box_labels_user_photo.png,not_paid,not_ordered,,"User-selected loose fastener photo shows rusted captive/clip/speed nuts and old panel/body hardware that are not covered by Millat orders 38902/38903, which only cover loose metric screws, bolts, nuts, flat washers, lock washers, and plate spacers. Photo estimate: 22-40 visible captive/clip/speed nut and rivnut/weld-nut candidates, likely 30. User photos on 2026-05-08 confirm yellow-zinc knurled flat-head threaded rivet nuts/nutserts, with visible label text reading Product Name: Rivetnut and size M6. User clarified on 2026-05-09 that the two boxes are M6 and M8, so treat M6 and M8 rivnut/nutsert portions as received unless physical receipt check contradicts this. Remaining open scope is captive/clip/speed nuts and weld nuts: original workbook basis M6 captive/clip nuts x120, M8 captive/clip nuts x60, weld nuts M6 x30, weld nuts M8 x20. Use new yellow-zinc or equivalent plated hardware; do not reuse rusted spring clips or captive nuts. Confirm final split against old samples before purchase."
part_fastener_kit_d_millat,04_electrical_reset,electrical_reset,Fastener Kit D: Grounding hardware - star/serrated washers M6/M8/M10 + cleaned contact points,,PKR,ordered,ordered_pending_delivery,MTL Parts,38902|38903,,gmail|deliverables_fastener_cart|manual_reconciliation,gmail_msg_19d9d26f415b48fa|gmail_msg_19d9cd91c8d55038|gmail_msg_19d9ce99ff7c3bab|gmail_msg_19db2d73afb4876e|gmail_msg_19db2d7aa7027a2c|gmail_msg_19dbc4673054004c|gmail_msg_19dbc462741aef46|gmail_msg_19e0722af30bb1af,paid,pending_delivery,,"Registered under paid MTL/Millat orders 38902 and 38903 from 2026-04-18. Covers the ordered Millat washer/lock-washer stock used for grounding and vibration-resistant joints. Conductive paste and any non-Millat grounding top-up remain separate until physically confirmed. | Gmail recheck 2026-05-12 found user follow-up sent 2026-05-08 asking MTL to dispatch paid orders #38902 and #38903 because they were still marked on hold; no dispatch or delivery response was found, so keep pending delivery/on-hold follow-up."
part_fastener_kit_e_millat,03_body_chassis,body_chassis,"Millat order #38902 metric screw pack - M10x20 x20, M6x16 x60, M6x12 x120, M8x16 x60",1880,PKR,ordered,ordered_pending_delivery,MTL Parts,38902,,gmail|manual_reconciliation,gmail_msg_19d9d26f415b48fa|gmail_msg_19dbc4673054004c|gmail_order_38902|gmail_msg_19e0722af30bb1af,paid,pending_delivery,,"Gmail MTL order #38902 confirms screw lines: SCREW M10 X20MM (163084 - 1163084) x20 PKR 320; SCREW M6X16 (133061 - 1133061) x60 PKR 300; SCREW M6 X 12MM (144035 - 1391074) x120 PKR 720, all 120 backordered; SCREW M8X16MM (163070 - 1163070) x60 PKR 540. Screw line subtotal PKR 1880; part of order #38902 total PKR 10291 including GST with other nuts, bolts, and washers. Payment follow-up sent 2026-04-24; delivery still pending. This MTL row does not cover stainless trim screws, self-tapping screws, countersunk screws, cup washers, or captive/clip nuts. | Gmail recheck 2026-05-12 found user follow-up sent 2026-05-08 asking MTL to dispatch paid orders #38902 and #38903 because they were still marked on hold; no dispatch or delivery response was found, so keep pending delivery/on-hold follow-up."
part_fastener_kit_e_trim_screws_cup_washers,07_interior_weatherproofing,interior_weatherproofing,Fastener Kit E: Stainless/non-structural trim screws plus cup/finishing washers,,PKR,planned,deferred_until_body_closed,local fastener / trim hardware supplier,,,photo_inventory|workbook_reconciliation|user_update|count_estimate,20260503_153832_gp_0FJJiLHg|workbook_parts#row_229|user_update_2026-05-03_screw_photo_review|data/manual/fastener_photo_count_estimates.csv,not_paid,not_ordered,,"User-selected loose fastener photo shows pointed sheet-metal/self-tapping screws, countersunk/slotted trim screws, and cup/finishing washer styles not covered by MTL order 38902. Photo estimate: 35-70 visible self-tapping/trim/countersunk screws and cup/finishing washers, likely 50. Buy only after panel/trim alignment and old-screw sorting confirm positions, head styles, lengths, and washer/cup needs. Non-structural only; use stainless or zinc-plated new hardware and do not reuse rusted old trim screws."
part_body_retaining_clips_cotter_pin_pack,03_body_chassis,body_chassis,Body retaining clip pack - R-clips hairpins split pins circlips and small cotters,,PKR,planned,purchase_ready,local fastener / body hardware supplier,,,photo_inventory|user_update|count_estimate,20260503_153832_gp_0FJJiLHg|user_update_2026-05-04_fastener_photo_gap_review|data/manual/fastener_photo_count_estimates.csv,not_paid,not_ordered,,"User-selected loose hardware photo shows small wire retaining clips, cotter-style pins, and spring retaining clips mixed with the screws. These are not covered by Millat orders 38902/38903 or the ordered screw/bolt/nut/washer rows. Photo estimate: 6-15 visible retaining clips/cotters, likely 10. Buy new zinc-plated or stainless assorted R-clips, hairpins, split pins, circlips/E-clips, and small cotters after sorting the old samples by pin diameter and installed location; do not reuse rusty retaining clips."
part_body_rubber_plastic_bumpers_isolators,03_body_chassis,body_chassis,Body rubber/plastic bumpers isolators knobs and small spacers,,PKR,planned,spec_needed_before_order,Bilal Ganj rubber/body trim supplier,,,photo_inventory|user_update|count_estimate,20260503_153832_gp_0FJJiLHg|user_update_2026-05-04_fastener_photo_gap_review|data/manual/fastener_photo_count_estimates.csv,not_paid,not_ordered,,"User-selected loose hardware photo shows black and white rubber/plastic knobs, bumpers, pads, isolators, and small spacers that are not part of the Millat screw/nut/washer orders and are not covered by the body-mount rubber kit unless a sample proves a body-mount location. Photo estimate: 8-18 visible rubber/plastic pieces, likely 12. Sort by location, diameter, height, thread/stud size, and material hardness; buy new sample-matched replacements only and keep originals as templates."
part_body_shoulder_pins_sleeves_spacers,03_body_chassis,body_chassis,Body shoulder bolts pivot pins sleeves and stand-off spacers - sample matched,,PKR,planned,spec_needed_before_order,local fastener / machine shop supplier,,,photo_inventory|user_update|count_estimate,20260503_153832_gp_0FJJiLHg|user_update_2026-05-04_fastener_photo_gap_review|data/manual/fastener_photo_count_estimates.csv,not_paid,not_ordered,,"User-selected loose hardware photo shows long shoulder/pivot-style bolts, cylindrical sleeves, stand-off spacers, and stepped pins that are not covered by Millat orders 38902/38903, which are loose metric screws, bolts, nuts, and washers only. Photo estimate: 10-24 visible shoulder/pivot bolts, sleeves, stand-offs, and stepped pins, likely 16. Measure shoulder diameter, threaded section, grip length, total length, head style, and installed location before purchase or machine-shop fabrication; do not substitute ordinary fully threaded bolts where a shoulder or sleeve controls alignment."
part_body_specialty_brackets_retainer_plates,03_body_chassis,body_chassis,Body specialty bracket and retainer plate repair/replacement pack,,PKR,planned,spec_needed_before_order,local body hardware fabricator / Bilal Ganj,,,photo_inventory|user_update|count_estimate,20260503_153832_gp_0FJJiLHg|user_update_2026-05-04_fastener_photo_gap_review|data/manual/fastener_photo_count_estimates.csv,not_paid,not_ordered,,"User-selected loose hardware photo shows rusted rectangular bracket plates, slotted retainers, captive-nut plates, and bent link/strap brackets mixed with the fasteners. These are not supplied by the Millat screw/nut/washer orders. Photo estimate: 8-18 visible specialty bracket/retainer plates, likely 12. Sort by installed location and function, then refurbish only sound originals; buy or fabricate replacements for bent, thin, cracked, or captive-thread-damaged brackets using the old samples as templates."
part_firewall_grommet_set_small_medium,04_electrical_reset,electrical_reset,Additional firewall grommet set IDs 6/8/10/12 mm,,PKR,not_required,not_required_unknown_final_sizes_use_on_hand_grommet_mix,,,,user_plan_update|docs_bilal_ganj,user_plan_2026-04-22_grommet_size_gap_review|docs_bilal-ganj-master-shopping-list,not_applicable,not_required,,User cleanup 2026-05-29: drop this vague extra grommet buy. On-hand mixed grommet assortment already exists and final pass-through sizes are unknown; reopen only as a measured hole or wire size after mock-up.
part_firewall_grommet_set_large_power,04_electrical_reset,electrical_reset,Additional firewall grommet set IDs 16/20/25 mm,,PKR,not_required,not_required_unknown_final_sizes_use_on_hand_grommet_mix,,,,user_plan_update|docs_bilal_ganj|docs_wire_cutlist,user_plan_2026-04-22_grommet_size_gap_review|docs_bilal-ganj-master-shopping-list|docs_wire-heavy-resize-cutlist,not_applicable,not_required,,User cleanup 2026-05-29: drop this vague large firewall grommet buy. On-hand mixed grommet assortment already exists and final heavy-feed pass-through sizes are unknown; reopen only as a measured hole or cable size after mock-up.
part_mech_engine_oil_filter_service,05_mechanical_baseline,mechanical_baseline,Engine oil - Liqui Moly Touring High Tech SHPD 15W-40 5L; oil filter tracked separately,12499,PKR,ordered,ordered_pending_delivery,Autohub,1762694|62694,,user_plan_update|user_update|web_search|gmail|bank_alert,user_plan_2026-04-12_engine_bay_review|user_update_2026-05-29_online_click_buy_engine_oil_filter|user_update_2026-05-29_liqui_moly_guard_added|https://autohub.pk/products/liqui-moly-touring-high-tech-shpd-motor-oil-15w-40|https://automize.pk/products/guard-oil-filter-gdo-135|gmail_msg_19e7436f18d47b7c|gmail_order_1762694|autohub_order_62694|bank_alert_19e7438814e99398,paid,pending_delivery,https://autohub.pk/products/liqui-moly-touring-high-tech-shpd-motor-oil-15w-40,"Autohub order 1762694 / order number 62694 confirmed 2026-05-29 for Liqui Moly Touring High Tech SHPD-Motor Oil 15W-40 5L x1 at PKR 11999 plus PKR 500 shipping, total PKR 12499; matching Standard Chartered alert confirms payment. Engine oil only; Guard GDO-135 oil filter remains a separate open item and this is not gearbox/transmission oil."
part_mech_oil_filter_guard_gdo135_20260529,05_mechanical_baseline,mechanical_baseline,Engine oil filter - Guard GDO-135 candidate for 2H,,PKR,planned,purchase_ready,Automize online,,,user_update|web_search|gmail_refresh,user_update_2026-05-29_liqui_moly_guard_added|https://automize.pk/products/guard-oil-filter-gdo-135|gmail_refresh_2026-05-30_no_filter_order_found,not_paid,not_ordered,https://automize.pk/products/guard-oil-filter-gdo-135,Oil filter remains open after 2026-05-30 Gmail refresh. Buy/confirm only if Guard GDO-135 cross-reference 15600-41010 / 15601-41010 is acceptable for the fitted 2H filter head; physically fit-check before service.
part_mech_transmission_oil_service,05_mechanical_baseline,gearbox_oil_service,Gearbox oil service pack - correct oil drain inspect refill washers and sample kit,,PKR,planned,spec_needed_before_order,,,,user_update|whatsapp_archive|docs_gearbox_oil_service_workstream|docs_gearbox_top_cover_workstream,user_update_2026-05-29_transmission_oil_task|user_update_2026-05-29_liqui_moly_15w40_not_gearbox_oil|mcp_whatsapp_number_2_false_971527520120_1517397900_g_us_ac7917c65ffdf01e2f1ac6687691ab93_37911810572503_lid|docs/gearbox-oil-service-workstream.md|docs/gearbox-top-cover-workstream.md,not_paid,not_ordered,,"Specific buying requirement: WhatsApp history confirms 2H engine with 5-speed gear, so treat H55F as active candidate until case/top-cover marks prove a different 5-speed swap. If H55F is confirmed, buy SAE75W-90 API GL-4/GL-5 gearbox oil, 4.9 L capacity, buy 5 L, plus matched drain/fill plug sealing washers, clear sample cup/bottle, clean catch pan, and filler pump/hose if workshop does not supply one. Open fill plug before draining; drain into clean pan; photograph oil, drain plug/magnet, water/glitter/sludge/debris; refill only if inspection is acceptable. Do not count Liqui Moly Touring High Tech SHPD-Motor Oil 15W-40 as this row; it is engine oil. Do not substitute differential/hypoid LSD oil, transfer-case oil, engine oil, or brake fluid. Stop for water, heavy metal, damaged threads, burnt oil, chunks, abnormal noise, or open top-cover work."
part_mech_fuel_filter,05_mechanical_baseline,mechanical_baseline,Fuel filter,,PKR,planned,runner_spec_controlled,Amir runner / local Toyota diesel parts counter,,,user_plan_update|user_update|docs_amir_montgomery,user_plan_2026-04-12_engine_bay_review|user_update_2026-05-29_list_under_amir_mechanical_easy|docs/amir-montgomery-road-shopping-list-20260527.md,not_paid,not_ordered,,"List under Amir/local runner. Buy only if the shop supplies an exact 2H/HJ47 fuel-filter element match by old sample, chassis/manual basis, or Toyota part number candidate 23303-54071 / 04234-68010. Otherwise collect photos of box/element/part number, price, and shop card before payment."
part_mech_heat_glow_plugs_set,05_mechanical_baseline,mechanical_baseline,Toyota OE glow plugs 19850-68030 x6 - diesel 2H,,PKR,new_only_planned,purchase_ready,Amir runner / verified Toyota diesel parts counter,,,user_plan_update|user_update|docs_amir_montgomery,user_plan_2026-04-12_engine_bay_review|user_update_2026-05-01_engine_diesel_correction|user_update_2026-05-29_list_under_amir_mechanical_easy|docs/amir-montgomery-road-shopping-list-20260527.md,not_paid,not_ordered,,"Buy exact new Toyota-labelled glow plugs through a verified new-parts counter/order lane: primary target Toyota 19850-68030 x6 for HJ47-style 2H 12V/8.5V. If the old plug/system proves later 24V/superglow, use Toyota 19850-68060 x6 instead. Amir may buy only a sealed exact Toyota-labelled/new trusted equivalent set; reject used/refurbished/PT-107/1C/2C listings or any seller-led substitute."
part_mech_accessory_belt_set,05_mechanical_baseline,mechanical_baseline,Accessory belt set,,PKR,planned,runner_spec_controlled,Amir runner / local belt supplier / Toyota diesel parts counter,,,user_plan_update|user_update|docs_amir_montgomery,user_plan_2026-04-12_engine_bay_review|user_update_2026-05-29_list_under_amir_mechanical_easy|docs/amir-montgomery-road-shopping-list-20260527.md,not_paid,not_ordered,,"List under Amir/local runner. Buy only by old belt sample/printed belt code or measured profile and effective length for the actual alternator/fan/accessory layout. Prefer Bando/Mitsuboshi/Gates or trusted equivalent. If size/profile is not proven, collect photos/price only."
part_mech_radiator_hose_set,05_mechanical_baseline,radiator,"Cooling hose/pipe package - upper/lower radiator hoses, overflow hose, formed coolant pipe",,PKR,purchase_ready,purchase_ready_standard_and_template_quote,Amir runner / Longman Mills / local radiator hose or pipe fabricator,,,user_plan_update|user_update|data_replacement_pipe_order_release_specs|data_longman_pipe_hose_order_specs|docs_amir_montgomery,user_plan_2026-04-12_engine_bay_review|user_update_2026-05-01_engine_hose_spec|data/manual/replacement_pipe_order_release_specs.csv|data/manual/replacement_pipe_release_actions.csv|data/manual/longman_pipe_hose_order_specs.csv|user_update_2026-05-29_list_under_amir_mechanical_easy|docs/amir-montgomery-road-shopping-list-20260527.md,not_paid,not_ordered,,"List under Amir/Longman local runner. Longman quote/order ready via RPO-COOL-001/002/003/005/006: molded upper hose x1, molded lower hose x1, overflow EPDM hose x 1000 mm, formed coolant pipe from 28-30 mm OD tube with 1.2-1.6 mm wall and 1000 mm shop-stock / 750 mm absolute-minimum blank, and two 500 mm EPDM connector blanks at 28-30 mm ID exact order basis. Final dry-fit, clamp, chafe, and coolant pressure-test remain install checks."
part_mech_heater_hose_set,05_mechanical_baseline,mechanical_baseline,"Heater hose pair - EPDM 400 mm inlet + 280 mm outlet, 16 mm ID",,PKR,purchase_ready,purchase_ready_standard_stock,Amir runner / Longman Mills / local hose supplier,,,user_plan_update|user_update|data_replacement_pipe_order_release_specs|data_longman_pipe_hose_order_specs|docs_amir_montgomery,user_plan_2026-04-12_engine_bay_review|user_update_2026-05-01_engine_hose_spec|data/manual/replacement_pipe_order_release_specs.csv|data/manual/replacement_pipe_release_actions.csv|data/manual/longman_pipe_hose_order_specs.csv|user_update_2026-05-29_list_under_amir_mechanical_easy|docs/amir-montgomery-road-shopping-list-20260527.md,not_paid,not_ordered,,List under Amir/Longman local runner. Standard 16 mm / 5/8 in EPDM heater hose stock released for Longman quote/order: 400 mm inlet and 280 mm outlet cut from released stock during install. Final trim/chafe check remains at install.
part_mech_radiator_cap,05_mechanical_baseline,radiator,Radiator cap,,PKR,planned,runner_spec_controlled,Amir runner / local radiator shop / Toyota parts counter,,,user_plan_update|user_update|docs_amir_montgomery,user_plan_2026-04-12_engine_bay_review|user_update_2026-05-01_engine_hose_spec|user_update_2026-05-29_list_under_amir_mechanical_easy|docs/amir-montgomery-road-shopping-list-20260527.md,not_paid,not_ordered,,List under Amir/local runner. Buy Toyota radiator cap 16401-41021 or exact pressure-equivalent cap only after the fitted radiator neck/sample confirms large/small neck and pressure. 0.9 bar is a candidate only if the radiator/manual basis confirms it. Replace with coolant hose service.
part_mech_vacuum_hose_refresh,05_mechanical_baseline,mechanical_baseline,Vacuum/breather hose kit - 10-12 mm vacuum + 16-19 mm oil-resistant breather,,PKR,purchase_ready,purchase_ready_standard_stock,Amir runner / Longman Mills / local hose supplier,,,user_plan_update|user_update|data_replacement_pipe_order_release_specs|data_longman_pipe_hose_order_specs|docs_amir_montgomery,user_plan_2026-04-12_engine_bay_review|user_update_2026-05-01_engine_hose_spec|data/manual/replacement_pipe_order_release_specs.csv|data/manual/replacement_pipe_release_actions.csv|data/manual/longman_pipe_hose_order_specs.csv|user_update_2026-05-29_list_under_amir_mechanical_easy|docs/amir-montgomery-road-shopping-list-20260527.md,not_paid,not_ordered,,"List under Amir/Longman local runner. New standard hose stock released for Longman quote/order: 10-12 mm ID reinforced brake-booster/vacuum hose x 2000 mm and 16-19 mm ID oil-resistant breather hose x 1000 mm. Final check-valve direction, barb fit, oil exposure, and no-collapse/no-swelling checks remain at install; 2H vacuum pump oil outlet hose is presence-gated and replaced new if fitted."
part_mech_fuel_hose_and_clamps,05_mechanical_baseline,mechanical_baseline,"Diesel fuel hose/line package - 8 mm feed, 6 mm return, leak-off hose, new hard lines",,PKR,purchase_ready,purchase_ready_measured_stock,Amir runner / Longman Mills / local diesel hose supplier,,,user_plan_update|user_update|data_replacement_pipe_order_release_specs|data_longman_pipe_hose_order_specs|docs_amir_montgomery,user_plan_2026-04-12_engine_bay_review|user_update_2026-05-01_engine_hose_spec|data/manual/replacement_pipe_order_release_specs.csv|data/manual/replacement_pipe_release_actions.csv|data/manual/longman_pipe_hose_order_specs.csv|user_update_2026-05-29_list_under_amir_mechanical_easy|docs/amir-montgomery-road-shopping-list-20260527.md,not_paid,not_ordered,,"List under Amir/Longman local runner. New diesel hose and hard-line stock released for Longman quote/order: 8 mm feed x 1500 mm for the measured approx 1200 mm tank-to-engine route, 6 mm return x 2000 mm, 3.2-3.5 mm leak-off x 1000 mm, plus conditional 8 mm OD x 5000 mm feed hard-line stock only if a separate rigid feed line exists and 6 mm OD x 5000 mm return hard-line stock as new replacement allowance. Verify diesel rating and leak-test after install."
part_hvac_hidden_evaporator_blower_unit_20260514,07_interior_weatherproofing,ac_hvac_retrofit,Hidden compact evaporator core/case and outlet plenum for custom blower fitment,36942,PKR,ordered,ordered_pending_delivery,AliExpress,3073062248277489,,user_update|workbook_hvac_rows|web_research_hvac_evap_20260514|user_photo_review_vitz_box_20260514|gmail|bank_alert|aliexpress_order,user_update_2026-05-14_aftermarket_ac_removed_hidden_evaporator_plan|user_update_2026-05-30_cabin_ac_missing|workbook_parts_row_212|docs/hvac-evaporator-blower-sourcing-20260514.md|docs/amir-montgomery-road-shopping-list-20260527.md|gmail_msg_19e78b8a26f000c1|bank_alert_19e78b8dbe36d812|aliexpress_order_3073062248277489|gmail_msg_19e8cd7d9efb4afa|aliexpress_shipped_3073062248277489,paid,pending_delivery,,"Required because the aftermarket A/C has been removed and the selected direction is a hidden cabin evaporator core/case with routed outlets and owner-selected external blowers. User clarified on 2026-05-30 that this is the missing cabin-side A/C package, separate from the engine-bay condenser/drier/hose work, and that he wants to use his own blowers rather than buy a bulky complete blower box. Search Snow Cool/Arsalan/Coolsun for a compact evaporator core, cooling coil, or evaporator case/plenum with TXV, drain pan/nipple, refrigerant fittings, outlet spigots or flat plenum face, and all-side dimensions. BEU-202/low-profile BEU-404/short BEU-848 remain useful only if the case can be reused with the integrated blower removed or bypassed. Reject bulky Vitz/full OEM dash boxes and any bare coil unless a shop/fabricator can build a sealed plenum, drain pan, service access, and adapter for the selected blowers. Buy after checking coil face area, case/plenum envelope, fitting side, outlet geometry, drain route, service access, external blower airflow/current, and bench airflow plus leak test. | Gmail import 2026-05-30: AliExpress order 3073062248277489 confirmed Universal 4 Hole Auto AC Evaporator / Cool and Heat 12V x1, order total PKR 36,942; matching Standard Chartered alert confirms card payment. Treat this as an ordered candidate for the hidden A/C workstream, not an automatic fitment approval: on arrival measure case/core/outlets/drain/fittings, leak-test, bench airflow-test, and confirm any integrated blower can be removed, bypassed, or ignored for the owner-selected external-blower direction before final mounting or hose crimping. | Gmail import 2026-06-07: AliExpress order 3073062248277489 shipped on 2026-06-03; keep pending delivery and bench/mock-up acceptance checks."
part_hvac_alibaba_underdash_evaporator_sample_20260529,07_interior_weatherproofing,ac_hvac_retrofit,Alibaba under-dash A/C evaporator assembly sample - 12V heat/cool 4 vents,45,USD,needs_confirmation,needs_confirmation,Alibaba Trade Assurance,302575831501027345,,gmail,gmail_msg_19e76240ad0d5bc6|alibaba_order_302575831501027345,needs_confirmation,pending_confirmation,,"Gmail import 2026-05-30: Alibaba Trade Assurance progress email for order 302575831501027345, order date 2026-05-29 16:48:47 PST, Air Conditioning Evaporator Assembly 12V Universal Under-Dash Heating Cooling Unit with 4 Vents x1, total USD 45.00 with free shipping. No matching payment alert was found in this ingest, so confirm whether this is paid/active, cancelled, or only a sample/order draft before counting it as spend or relying on it for A/C packaging."
part_mech_brake_flex_hose_set,06_steering_brakes_suspension,steering_brakes_suspension,Brake hydraulic hose/line package - new flex hoses + 4.75 mm hard-line coil allowance,,PKR,planned,runner_spec_controlled,Aamir runner / Montgomery Road brake pipe-hose supplier / written spec or mechanic-labelled sample required,aamir_local_run_20260527,,user_plan_update|data_replacement_pipe_order_release_specs|user_update,user_plan_2026-04-12_engine_bay_review|data/manual/replacement_pipe_order_release_specs.csv|data/manual/replacement_pipe_release_actions.csv|user_update_2026-05-27_gettable_local_brake_items|docs/amir-montgomery-road-shopping-list-20260527.md|user_update_2026-05-27_aamir_runner_not_mechanic|user_update_2026-05-27_spec_controlled_runner_purchase|docs/brake-runner-spec-capture-20260528.md|user_update_2026-05-28_rear_parking_brake_back_section_photos,not_paid,not_ordered,,"Spec-controlled runner brake hose/line task. Aamir may collect prices, shop cards, package/marking photos, and availability from Montgomery Road suppliers. He may buy only against a written hose spec or mechanic-labelled old sample: complete crimped automotive brake hose assemblies, DOT/SAE J1401 or OEM-equivalent, matching free length, bracket groove, end fittings/thread/seat/banjo as applicable, hose rating, and fitted route clearance. Any hard-line coil/fitting purchase must be reconciled against the separate Aamir tube-stock row. No generic rubber hose, compression fittings, bare copper, duplicate hard-line coil, imported pre-bent kit, substitute fitting, or seller-led fit decision without mechanic/user approval. If any spec point is uncertain, collect photos/price only and ask before payment. User corrections 2026-05-27: Aamir is office/runner support, not a mechanic; project/mechanic can define the specs he buys against. Spec capture guide 2026-05-28: use docs/brake-runner-spec-capture-20260528.md to capture installed photos, labelled old samples, ruler/caliper measurements, end/clip/thread/seat close-ups, and bagged parts by position before releasing any exact-spec runner purchase. User update 2026-05-28: existing rear back-section photos cover the rear-center hose/T-union and axle route context, but do not release the hose order by themselves. Rear-center hose still needs old-sample/free-length/end-thread confirmation; front hoses still need their own fitted-end/free-length capture."
part_front_disc_pads_hardware,06c_brake_system,brake_system,Front disc pads and retaining hardware - parent split into component purchase rows,,PKR,split,not_required_split_into_component_rows,Amir runner / Montgomery Road / local Toyota-Land Cruiser parts counter,,,photo_inventory|data_brake_system_requirements|docs_amir_montgomery|user_update,BR-FRONT-001|user_update_2026-05-30_split_front_pad_hardware_components|docs/amir-montgomery-road-shopping-list-20260527.md|data/manual/front_disc_component_order_options.csv,not_paid,not_required,,Parent bundle retained only as history. Active order/quote rows are part_front_disc_pad_axle_set_sumitomo_20260530 and part_front_disc_pad_pin_hardware_kit_sumitomo_20260530; kit contents are itemized in data/manual/front_disc_component_order_options.csv.
part_front_disc_pad_axle_set_sumitomo_20260530,06c_brake_system,brake_system,Front disc brake pad axle set - Sumitomo fixed-caliper reference 04491-60010/04465-35170,39.99,USD,planned,runner_spec_controlled,BTB Products / CruiserParts / local Toyota-Land Cruiser parts counter,,,photo_inventory|data_brake_system_requirements|docs_amir_montgomery|web_research_front_disc_components_20260530,BR-FRONT-001|20260529_183947_gp_lSYuESVg|20260529_183959_gp_MlRssDVA|20260529_184010_gp_3htpDpPQ|20260529_184012_gp_Q01c08NA|user_update_2026-05-29_replace_all_front_disc_parts|user_update_2026-05-30_split_front_pad_hardware_components|data/manual/front_disc_component_order_options.csv,not_paid,not_ordered,https://btbprod.com/product/fj40-fj45-fj55-fj60-fj62-performance-front-disc-brake-pad-04491-60010-set-1970-1971-1972-1973-1974-1975-1976-1977-1978-1979-1980-1981-1982-1983-1984-1985-1986-1987-1988-1989-1990/,Quote/order one front pad axle set after removed pad sample match. Reference family 04491-60010 / 04491-60030 / 04465-35170 / 04465-YZZC0; BTB reference price USD 39.99. Use local Toyota/Land Cruiser counter first if they can show matching box/part number/shape and return terms.
part_front_disc_pad_pin_hardware_kit_sumitomo_20260530,06c_brake_system,brake_system,Front brake pad retaining hardware kit - 4 pins 2 anti-rattle springs 2 clips,8.00,USD,planned,runner_spec_controlled,CruiserTeq / Man-A-Fre / local Toyota-Land Cruiser parts counter,,,photo_inventory|data_brake_system_requirements|docs_amir_montgomery|web_research_front_disc_components_20260530,BR-FRONT-001|20260529_183947_gp_lSYuESVg|20260529_183959_gp_MlRssDVA|20260529_184010_gp_3htpDpPQ|20260529_184012_gp_Q01c08NA|user_update_2026-05-29_replace_all_front_disc_parts|user_update_2026-05-30_split_front_pad_hardware_components|data/manual/front_disc_component_order_options.csv,not_paid,not_ordered,https://cruiserteq.com/front-caliper-hardware-kit-fits-9-1975-1-1990-4x-5x-6x-7x-with-factory-front-disc-brakes-br06158k/,"Quote/order one front pad hardware kit after old retaining hardware sample match. CruiserTeq BR06158K reference price USD 8.00; kit should contain 4 pins, 2 anti-rattle springs, and 2 pin clips. Receipt must count each component separately."
part_front_caliper_rebuild_or_replace_pair,06c_brake_system,brake_system,Front Sumitomo fixed-caliper replacement or professional rebuild pair,,PKR,planned,runner_spec_controlled,Amir runner / Land Cruiser parts shop / brake caliper rebuilder,,,photo_inventory|data_brake_system_requirements|docs_amir_montgomery|user_update,BR-FRONT-002|20260529_183947_gp_lSYuESVg|20260529_183959_gp_MlRssDVA|20260529_184010_gp_3htpDpPQ|20260529_184012_gp_Q01c08NA|user_update_2026-05-29_replace_all_front_disc_parts|docs/amir-montgomery-road-shopping-list-20260527.md,not_paid,not_ordered,,"REQUIRED P0 under Amir/local runner. Reference family Toyota 47730-60021 RH / 47750-60021 LH, fixed Sumitomo 4-piston design with 34/43 mm piston catalog reference on a 20 mm disc family. Prefer professional rebuild of the original calipers if bodies, bores, pistons, bleeders, and bridge pipes pass inspection; otherwise buy matched rebuilt/new Sumitomo-family calipers. Pay only after side-by-side sample match or rebuild bench test approval."
part_front_rotor_service_pair,06c_brake_system,brake_system,Front rotor replacement pair - measure old rotors for exact match,,PKR,planned,runner_spec_controlled,Amir runner / local Toyota-Land Cruiser parts counter / brake parts shop,,,photo_inventory|data_brake_system_requirements|docs_amir_montgomery|user_update,BR-FRONT-003|20260529_183947_gp_lSYuESVg|20260529_183959_gp_MlRssDVA|20260529_184010_gp_3htpDpPQ|20260529_184012_gp_Q01c08NA|user_update_2026-05-29_replace_all_front_disc_parts|docs/amir-montgomery-road-shopping-list-20260527.md,not_paid,not_ordered,,"REQUIRED P0 under Amir/local runner. Ask for new front rotor pair using Toyota 43512-60011 as the reference: vented disc, 302 mm OD, 20 mm nominal thickness, 19 mm minimum, 100 mm center bore, 139.7 mm PCD, 48 mm height, 6 mounting holes plus 2 service/auxiliary holes. Buy two only after old rotor measurement and hub/dust-shield/caliper/wheel clearance confirm the family. Old rotors are measurement samples only."
part_front_brake_hose_pair,06c_brake_system,brake_system,Front flexible brake hose pair - visible bracket and short hard-line route,,PKR,planned,runner_spec_controlled,Amir runner / Montgomery Road brake hydraulic hose shop / written spec or labelled sample required,,,photo_inventory|data_brake_system_requirements|docs_amir_montgomery|user_update,BR-FRONT-004|20260529_183947_gp_lSYuESVg|20260529_183959_gp_MlRssDVA|20260529_184010_gp_3htpDpPQ|20260529_184012_gp_Q01c08NA|user_update_2026-05-29_replace_all_front_disc_parts|docs/amir-montgomery-road-shopping-list-20260527.md,not_paid,not_ordered,,"REQUIRED P0 under Amir/local runner. Replace every fitted front flex hose: lower wheel hoses x2 using 553-102 as reference, 9 1/4 in DOT rubber, plus front upper/frame hose x1 using 553-101 as reference, 10 3/8 in DOT rubber with retaining clip, only if that hose is fitted. Buy or make only complete crimped DOT/SAE J1401 or OEM-equivalent assemblies matched to old hose free length, end fittings, thread/seat, bracket groove, clip, and full-lock/droop clearance."
part_rear_parking_brake_attachment_hardware_20260527,06c_brake_system,brake_system,Rear parking-brake cable attachment hardware - clevis/equalizer/return springs/clips,,PKR,planned,runner_spec_controlled,Aamir runner / local brake parts or hardware supplier / written spec or mechanic-labelled sample required,,,user_update|data_brake_system_requirements|docs_brake_workstream,BR-REAR-009|BR-REAR-001|BR-REAR-007|part_rear_parking_brake_cable_set|docs/brake-runner-spec-capture-20260528.md|user_update_2026-05-28_rear_parking_brake_back_section_photos,not_paid,not_ordered,,"Specific parking-brake attachment-hardware buy line. Aamir may collect photos/prices only until old clevis/equalizer/pins/clips/return springs/adjuster pieces are bagged and measured, the received Daraz cable contents are checked, and duplicates against the Centric drum hardware kit are ruled out. Buy only exact sample/spec-matched pieces."
tool_brake_fuel_line_cutter_bender_flaring_kit,06c_brake_system,brake_system,"Brake/fuel hard-line cutter, hand bender, deburrer, and flaring kit",,PKR,not_required,not_required_split_to_component_tool_rows,local tool market / Daraz / Toolsmart,,,user_update|web_search|docs_brake_suspension_order_links|gmail,user_update_2026-05-04_line_shaping_tool_needed|user_update_2026-05-04_daraz_pipe_bender_order|https://4lifetimelines.com/products/master-flaring-tool-set-sae-double-iso-bubble-flares|docs/brake-suspension-order-links-20260503.md|gmail_msg_19df40dbc5116bb3|gmail_order_TM25550|user_update_2026-05-27_inventory_markoff_review,not_applicable,not_required,,"Suppressed as a duplicate aggregate. Separate rows now carry the real state: Daraz pipe bender is received; Harden mini tube cutter and PARD flaring/cutting kit are received-candidates pending physical fit check; dedicated 4.75 mm bender is conditional reopen only; deburrer/reamer remains the only active small-tool gap unless the delivered kit includes one. Amir local run 2026-05-27 is for 25 ft 3/16 in brake tube only, not a duplicate all-in-one tool kit."
part_brake_booster_servo_44610_60050,06c_brake_system,brake_system,Brake vacuum booster servo - dual diaphragm 44610-60050 market scout,,PKR,planned,local_market_quote_and_sample_match,Bilal Ganj / Montgomery Road / Land Cruiser House / brake servo rebuilder,,,user_update|web_search|data_brake_system_requirements|docs_brake_parts_pakistan,user_update_2026-05-04_front_disc_rear_drum_booster_sourcing|BR-SYS-003|docs/brake-parts-pakistan-acquisition-20260503.md,not_paid,not_ordered,,"Market scout / quote only: confirmed architecture is front discs and rear drums. Target Toyota 44610-60050 tandem/dual-diaphragm booster for 9/1975-7/1980 J40/FJ40/BJ40 front-disc setup; compatible 44610-60100/44610-60180 only if physical mounting, pushrod, clevis, master-cylinder seat/depth, check valve/grommet, and clearance match. Prefer new or professionally remanufactured; local used unit must pass bench vacuum hold test and show no brake-fluid contamination. Reject 44610-60040 single/drum and later 44610-60160 unless sample-matched and approved."
part_dot3_brake_fluid_autohub_6x354ml,06c_brake_system,brake_system,DOT 3 brake fluid x6 - Autohub agreed replacement/substitution received,5349,PKR,received,received,Autohub,62228,2026-05-06,gmail|user_update,gmail_msg_19def26c095be6e3|gmail_order_1762228|autohub_order_62228|bank_alert_19def26f0ee43471|gmail_msg_19df71b7d1c14a42|gmail_msg_19df81f2b45fe7de|blueex_tracking_AhubRider|user_update_2026-05-08_brake_fluid_replacement_arrived,paid,received,,"Autohub order 1762228 / order number 62228 confirmed 2026-05-03 for DOT 3 brake fluid x6, subtotal PKR 5100 plus PKR 249 shipping, total PKR 5349. Shipment emails on 2026-05-05 conflicted on Lion DOT-3 x6 versus STP BRAKE FLUID DOT 3 x6, and the user confirmed on 2026-05-08 that the replacement/substitution was agreed and the brake fluid has arrived. Treat as received DOT 3 stock for brake/clutch bleeding; before use, verify six sealed fresh bottles, actual brand/label, DOT 3 rating, and unbroken caps."
part_mech_clutch_master_slave_refresh,05_mechanical_baseline,mechanical_baseline,Clutch hydraulic refresh - master/slave plus new flex hose and 1500 mm hard-line allowance,,PKR,planned,next_phase_purchase,,,,user_plan_update,user_plan_2026-04-12_engine_bay_review,not_paid,not_ordered,,"MECH INSPECT THEN REPLACE if leakage, pedal sink, or seized seals. The clutch hydraulic hose/line scope now assumes new replacement: use RPO-CLUTCH-001A/B for a new complete clutch flex assembly and new 1500 mm brake/clutch-rated hard-line blank; match master/slave port thread, flare/seat, flex length, hard-line OD, and final route length."
tool_harden_cup_wire_brush_100mm_m14,03_body_chassis,body_chassis,Harden Cup Wire Brush With NutSize100mm x M14x2.0,2920,PKR,received_candidate,received_candidate,Toolsmart.pk,TM25240,,gmail|user_update,gmail_msg_19d852aa76c4a57e|gmail_order_TM25240|shopify_order_d0c25d9c64d70f2d5bef2c20a55fa3e7,paid,needs_confirmation,,"Toolsmart order #TM25240 confirmed 2026-04-13 from Shopify order link d0c25d9c64d70f2d5bef2c20a55fa3e7; quantity 2 line total PKR 2920. Fulfillment/review emails exist but local receipt photo is still not attached. | Gmail recheck 2026-05-12 found TM25240 order confirmation plus post-fulfillment review emails for the same order, but no item-specific delivery email for this line; because other TM25240 welding lines are received, physically verify this line on the shelf before rebuying or using."
tool_wadfow_abrasive_metal_grinding_disc_wac1353,03_body_chassis,body_chassis,Wadfow Abrasive metal grinding disc WAC1353,1440,PKR,received_candidate,received_candidate,Toolsmart.pk,TM25240,,gmail|user_update,gmail_msg_19d852aa76c4a57e|gmail_order_TM25240|shopify_order_d0c25d9c64d70f2d5bef2c20a55fa3e7,paid,needs_confirmation,,"Toolsmart order #TM25240 confirmed 2026-04-13 from Shopify order link d0c25d9c64d70f2d5bef2c20a55fa3e7; quantity 3 line total PKR 1440. Fulfillment/review emails exist but local receipt photo is still not attached. | Gmail recheck 2026-05-12 found TM25240 order confirmation plus post-fulfillment review emails for the same order, but no item-specific delivery email for this line; because other TM25240 welding lines are received, physically verify this line on the shelf before rebuying or using."
tool_harden_50lb_magnetic_welding_holder_765050,03_body_chassis,body_chassis,Harden 50LB Magnetic Welding Holder 765050,4760,PKR,received,received,Toolsmart.pk,TM25240,,gmail|user_update,gmail_msg_19d852aa76c4a57e|gmail_order_TM25240|shopify_order_d0c25d9c64d70f2d5bef2c20a55fa3e7|user_update_2026-05-02_toolsmart_tm25240_welding_items_received,paid,received,,Toolsmart order #TM25240 confirmed 2026-04-13 from Shopify order link d0c25d9c64d70f2d5bef2c20a55fa3e7; quantity 4 line total PKR 4760. Fulfillment/review emails exist but local receipt photo is still not attached. User confirmed received on 2026-05-02.
tool_total_welding_leather_gloves_16_tsp15161,03_body_chassis,body_chassis,"Total Welding leather gloves 16"" TSP15161",5280,PKR,received,received,Toolsmart.pk,TM25240,,gmail|user_update,gmail_msg_19d852aa76c4a57e|gmail_msg_19ddcc60fed835a5|gmail_order_TM25240|shopify_order_d0c25d9c64d70f2d5bef2c20a55fa3e7|user_update_2026-05-02_toolsmart_tm25240_welding_items_received,paid,received,,Toolsmart order #TM25240 confirmed 2026-04-13 from Shopify order link d0c25d9c64d70f2d5bef2c20a55fa3e7; quantity 2 line total PKR 5280. Review email 2026-04-30 references this exact item; local receipt photo is still not attached. User confirmed received on 2026-05-02.
tool_wadfow_auto_darkening_welding_helmet_wwh3503,03_body_chassis,body_chassis,Wadfow Auto-darkening welding helmet WWH3503,8710,PKR,received,received,Toolsmart.pk,TM25240,,gmail|user_update,gmail_msg_19d852aa76c4a57e|gmail_msg_19dcd4fe9fa2eeee|gmail_order_TM25240|shopify_order_d0c25d9c64d70f2d5bef2c20a55fa3e7|user_update_2026-05-08_weld_helmet_arrived,paid,received,,"Toolsmart order #TM25240 confirmed 2026-04-13 from Shopify order link d0c25d9c64d70f2d5bef2c20a55fa3e7; quantity 1 line total PKR 8710. Review email 2026-04-27 references this exact item; local receipt photo is still not attached. | User confirmed on 2026-05-08 that the welding helmet has arrived. Receipt check: test auto-darkening, sensitivity/delay controls, battery/solar condition, headband adjustment, and lens/cover condition before welding."
tool_total_inverter_mma_welding_machine_tw220069,03_body_chassis,body_chassis,Total Inverter MMA welding machine TW220069,55100,PKR,received,received,Toolsmart.pk,TM25240,,gmail|user_update,gmail_msg_19d852aa76c4a57e|gmail_msg_19dbdd660bbcfbee|gmail_order_TM25240|shopify_order_d0c25d9c64d70f2d5bef2c20a55fa3e7|user_update_2026-05-02_toolsmart_tm25240_welding_items_received,paid,received,,Toolsmart order #TM25240 confirmed 2026-04-13 from Shopify order link d0c25d9c64d70f2d5bef2c20a55fa3e7; quantity 1 line total PKR 55100. Review email 2026-04-24 references this exact item; local receipt photo is still not attached. User confirmed received on 2026-05-02.
tool_total_wrecking_bar_600mm_tht431242,00_site_setup,site_setup,Total Wrecking bar 600mm THT431242,2860,PKR,received,received,Toolsmart.pk,TM25493,,user_update,user_update_2026-05-01_toolsmart_chassis_lift_clean_suspension_order|gmail_msg_19de060f62c307f7|gmail_order_TM25493|user_update_2026-05-08_toolsmart_tm25493_arrived,paid,received,,Paid Toolsmart order dated 2026-05-01; part of the PKR 94510 order for chassis lift/clean/suspension work. Gmail order #TM25493 confirms this line item as part of the PKR 94510 Toolsmart order. | User confirmed on 2026-05-08 that ToolsMart order TM25493 has arrived; mark this line received. Still do item-specific receipt checks before use.
tool_wadfow_pressure_sprayer_wrs1550,00_site_setup,site_setup,Wadfow Pressure sprayer WRS1550,2500,PKR,received,received,Toolsmart.pk,TM25493,,user_update,user_update_2026-05-01_toolsmart_chassis_lift_clean_suspension_order|gmail_msg_19de060f62c307f7|gmail_order_TM25493|user_update_2026-05-08_toolsmart_tm25493_arrived,paid,received,,Paid Toolsmart order dated 2026-05-01; 5L sprayer for water-based degreaser application during chassis/engine/transmission cleaning. Gmail order #TM25493 confirms this line item as part of the PKR 94510 Toolsmart order. | User confirmed on 2026-05-08 that ToolsMart order TM25493 has arrived; mark this line received. Still do item-specific receipt checks before use.
tool_harden_spring_clamp_set_4in_6pc,00_site_setup,site_setup,Harden 6Pc x 4 inch Spring Clamp Set,1200,PKR,received,received,Toolsmart.pk,TM25493,,user_update,user_update_2026-05-01_toolsmart_chassis_lift_clean_suspension_order|gmail_msg_19de060f62c307f7|gmail_order_TM25493|user_update_2026-05-08_toolsmart_tm25493_arrived,paid,received,,"Paid Toolsmart order dated 2026-05-01; clamp set for holding pads, small parts, and temporary setup during cleaning/bodywork. Gmail order #TM25493 confirms this line item as part of the PKR 94510 Toolsmart order. | User confirmed on 2026-05-08 that ToolsMart order TM25493 has arrived; mark this line received. Still do item-specific receipt checks before use."
tool_harden_white_rubber_mallet_700g_590437,00_site_setup,site_setup,Harden White Rubber Mallet with Fiberglass Handle 700g 590437,2380,PKR,received,received,Toolsmart.pk,TM25493,,user_update,user_update_2026-05-01_toolsmart_chassis_lift_clean_suspension_order|gmail_msg_19de060f62c307f7|gmail_order_TM25493|user_update_2026-05-08_toolsmart_tm25493_arrived,paid,received,,Paid Toolsmart order dated 2026-05-01; soft mallet for non-marring persuasion and aluminium/bodywork shaping. Gmail order #TM25493 confirms this line item as part of the PKR 94510 Toolsmart order. | User confirmed on 2026-05-08 that ToolsMart order TM25493 has arrived; mark this line received. Still do item-specific receipt checks before use.
tool_ingco_dead_blow_mallet_2lb_hdbm08028,00_site_setup,site_setup,Ingco Dead blow mallet 2lb HDBM08028,2050,PKR,received,received,Toolsmart.pk,TM25493,,user_update,user_update_2026-05-01_toolsmart_chassis_lift_clean_suspension_order|gmail_msg_19de060f62c307f7|gmail_order_TM25493|user_update_2026-05-08_toolsmart_tm25493_arrived,paid,received,,Paid Toolsmart order dated 2026-05-01; dead blow mallet for controlled non-rebound strikes during suspension/bodywork setup. Gmail order #TM25493 confirms this line item as part of the PKR 94510 Toolsmart order. | User confirmed on 2026-05-08 that ToolsMart order TM25493 has arrived; mark this line received. Still do item-specific receipt checks before use.
tool_wadfow_body_fender_hammer_set_whz1d07,00_site_setup,site_setup,Wadfow 7 Pcs Body And Fender Hammer Set WHZ1D07,9870,PKR,received,received,Toolsmart.pk,TM25493,,user_update,user_update_2026-05-01_toolsmart_chassis_lift_clean_suspension_order|gmail_msg_19de060f62c307f7|gmail_order_TM25493|user_update_2026-05-08_toolsmart_tm25493_arrived,paid,received,,Paid Toolsmart order dated 2026-05-01; hammer and dolly set for aluminium/body panel shaping. Gmail order #TM25493 confirms this line item as part of the PKR 94510 Toolsmart order. | User confirmed on 2026-05-08 that ToolsMart order TM25493 has arrived; mark this line received. Still do item-specific receipt checks before use.
tool_total_jack_stands_3ton_thjs0301_2pairs,00_site_setup,site_setup,Total Jack stand 3Ton THJS0301 - 2 pairs,19200,PKR,received,received,Toolsmart.pk,TM25493,,user_update,user_update_2026-05-01_toolsmart_chassis_lift_clean_suspension_order|gmail_msg_19de060f62c307f7|gmail_order_TM25493|user_update_2026-05-08_toolsmart_tm25493_arrived,paid,received,,"Paid Toolsmart order dated 2026-05-01; quantity 2 pairs at PKR 9600 each, four stands total for chassis support. Gmail order #TM25493 confirms this line item as part of the PKR 94510 Toolsmart order. | User confirmed on 2026-05-08 that ToolsMart order TM25493 has arrived; mark this line received. Still do item-specific receipt checks before use."
tool_harden_3ton_trolley_jack_730213,00_site_setup,site_setup,Harden 3Ton Hydraulic Trolley Jack 730213,54450,PKR,received,received,Toolsmart.pk,TM25493,,user_update,user_update_2026-05-01_toolsmart_chassis_lift_clean_suspension_order|gmail_msg_19de060f62c307f7|gmail_order_TM25493|user_update_2026-05-08_toolsmart_tm25493_arrived,paid,received,,Paid Toolsmart order dated 2026-05-01; primary 3T trolley jack for lifting before supporting chassis on stands. Gmail order #TM25493 confirms this line item as part of the PKR 94510 Toolsmart order. | User confirmed on 2026-05-08 that ToolsMart order TM25493 has arrived; mark this line received. Still do item-specific receipt checks before use.
tool_powerhouse_ingco_wb30501_wire_cup_brush_x3,00_site_setup,site_setup,Total TAC33021 Wire Cup Brush x3 (Powerhouse substitution for INGCO WB30501),1065,PKR,received,received,Powerhouse Express,26242,,gmail,gmail_msg_19de632df983464c|gmail_order_26242|gmail_msg_19df7037b90900e9|gmail_msg_19df70507d0e285b|gmail_msg_19e021b1cc8e488d|gmail_msg_19e02377924a0205|tracking_postex_22019070003782|tracking_leopard_KI7534590491|gmail_msg_19e0c33c40b6c4da|gmail_delivery_26242,paid,received,https://powerhouseexpress.com.pk/products/ingco-wb30501-wire-cup-brush,"Order #26242 confirmed 2026-05-02 for 3x INGCO WB30501 wire cup brushes; subtotal PKR 765 plus PKR 300 shipping. Product link: https://powerhouseexpress.com.pk/products/ingco-wb30501-wire-cup-brush | Powerhouse order 26242 was updated on 2026-05-05: INGCO WB30501 x3 removed and Total TAC33021 Wire Cup Brush x3 substituted; final total remains PKR 1065 after the seller update. Shipment emails on 2026-05-07 list PostEx 22019070003782 and later Leopard KI7534590491; track latest Leopard first and verify the actual TAC33021 brushes on receipt. | Gmail recheck on 2026-05-08 found no delivery confirmation after the 2026-05-07 shipment notices; latest carrier evidence lists Leopard KI7534590491 after PostEx 22019070003782, so track Leopard first and verify TAC33021 x3 on receipt. | Gmail recheck 2026-05-12 found Powerhouse delivery email 2026-05-09 for order #26242: Leopard KI7534590491 delivered with Total TAC33021 Wire Cup Brush x3. Receipt check remains actual TAC33021 x3 and usable brush condition before chassis cleaning."
tool_autohub_engine_detailing_brush_bundle_62191,00_site_setup,site_setup,"Engine/detailing brush bundle - tire sidewall brush, large detailing brush, 5 pc detailing brush set",2588,PKR,received,received,Autohub,62191,2026-05-06,gmail|user_update,gmail_msg_19de62cf4907c036|gmail_order_1762191|autohub_order_62191|gmail_msg_19df21e3bb334d7e|blueex_tracking_AhubRider|user_update_2026-05-08_all_remaining_autohub_orders_arrived,paid,received,https://autohub.pk/products/tire-side-wall-cleaning-brush | https://autohub.pk/products/detailing-brush-large-16-no | https://autohub.pk/products/5-pcs-detailing-brush-set,"Autohub order 1762191 / order number 62191 confirmed 2026-05-02: Tire Side Wall Cleaning Brush x1, Detailing Brush Large x1, 5 Pcs Detailing Brush Set x1; subtotal PKR 2339 plus PKR 249 shipping. Links: https://autohub.pk/products/tire-side-wall-cleaning-brush ; https://autohub.pk/products/detailing-brush-large-16-no ; https://autohub.pk/products/5-pcs-detailing-brush-set | Autohub shipment email on 2026-05-04 says order 1762191 shipped via Blue-ex/AhubRider with tire sidewall brush x1, detailing brush large x1, and 5 pc detailing brush set x1; no delivery email found as of 2026-05-08. | Gmail recheck on 2026-05-08 found no newer delivery email after the 2026-05-04 Blue-ex/AhubRider shipment notice; later user confirmation on 2026-05-08 closes delivery. | User confirmed on 2026-05-08 that all remaining Autohub orders have arrived; mark the brush bundle received. Receipt check: confirm tire sidewall brush x1, large detailing brush x1, and 5 pc detailing brush set x1."
tool_daraz_75mm_knotted_cup_wire_brush_x2,00_site_setup,site_setup,75mm 3 inch steel knotted cup rotary wire brush for angle grinder x2,3896,PKR,ordered,ordered_pending_delivery,Daraz / Al Rehman Mart (Lahore),242365766280938,2026-05-07,gmail,gmail_msg_19de62bcd3dd7207|gmail_order_242365766280938,paid,pending_delivery,https://www.daraz.pk/products/i2171955-s1269424717.html?urlFlag=true&mp=1,Daraz order confirmed 2026-05-02; delivery window 2026-05-05 to 2026-05-07. Quantity 2 at PKR 1878 each; subtotal PKR 3756 plus PKR 140 shipping. Product link: https://www.daraz.pk/products/i2171955-s1269424717.html?urlFlag=true&mp=1 | Gmail recheck on 2026-05-08 found only the Daraz confirmation for order 242365766280938 and no delivery email; keep pending and overdue against the 2026-05-07 delivery window until the two knotted cup brushes are physically received. | Gmail recheck 2026-05-12 found only Daraz order 242365766280938 confirmation and no delivery email; keep pending and overdue against the 2026-05-07 delivery window until the two knotted cup brushes are physically received.
tool_daraz_mini_wire_brush_set_x2,00_site_setup,site_setup,"3 pc mini wire brush set - brass, nylon, stainless steel bristles x2",561,PKR,received,received,Daraz / Bunyad Collection (Karachi),242365766980938,2026-05-07,gmail,gmail_msg_19de62bcd140fa41|gmail_order_242365766980938|gmail_msg_19df29a687866969|gmail_delivery_242365766980938,paid,received,https://www.daraz.pk/products/i192752152-s1385484991.html?urlFlag=true&mp=1,Daraz order confirmed 2026-05-02; delivery window 2026-05-05 to 2026-05-07. Two 3 pc mini wire brush sets at PKR 198 each; subtotal PKR 396 plus PKR 165 shipping. Product link: https://www.daraz.pk/products/i192752152-s1385484991.html?urlFlag=true&mp=1 | Gmail Daraz delivery email confirms order 242365766980938 delivered on 2026-05-04: two 3 pc mini wire brush sets.
tool_daraz_heavy_duty_cup_brush_x5_20260602,00_site_setup,site_setup,"Heavy Duty Cup Brush for Angle Grinder - 3/4 in listed sizes, twisted/crimped wire x5",2190,PKR,received,received,Daraz / MOBI COLORS & TOOLS,243954390480938,,gmail,gmail_msg_19e87bc4572184a6|gmail_delivery_243954390480938,paid,received,,"Gmail import 2026-06-03: Daraz order 243954390480938 delivered 2026-06-02 for Heavy Duty Cup Brush for Angle Grinder x5, total PKR 2190. Receipt/use check: confirm actual brush size, thread/arbor compatibility, RPM rating, wire retention, and guard clearance before grinder use."
tool_daraz_safety_goggles_cleanup,00_site_setup,site_setup,Safety goggles / protective glasses for grinding and cleaning,764,PKR,received,received,Daraz / Reliable_Shop,242365766080938,2026-05-07,gmail,gmail_msg_19de62bcddc3ff3a|gmail_order_242365766080938|gmail_msg_19df29a6c4e6d2b8|gmail_delivery_242365766080938,paid,received,https://www.daraz.pk/products/i649346371-s3029400460.html?urlFlag=true&mp=1,Daraz order confirmed 2026-05-02; delivery window 2026-05-05 to 2026-05-07. Safety protective glasses x1; subtotal PKR 599 plus PKR 165 shipping. Product link: https://www.daraz.pk/products/i649346371-s3029400460.html?urlFlag=true&mp=1 | Gmail Daraz delivery email confirms order 242365766080938 delivered on 2026-05-04: safety goggles/protective glasses x1.
part_daraz_jubilee_hose_clip_assortment_30pc,05_mechanical_baseline,mechanical_baseline,Jubilee hose clip assortment - 10 pc fuel line/diesel/petrol/coolant clamp packs x3,2390,PKR,received,received,Daraz / Gravax corporation,242365766580938,2026-05-08,gmail,gmail_msg_19de62bcdb1080ff|gmail_order_242365766580938|gmail_msg_19e021d07abdead1|gmail_delivery_242365766580938,paid,received,https://www.daraz.pk/products/i645582306-s3011629985.html?urlFlag=true&mp=1 | https://www.daraz.pk/products/i645582306-s3011629988.html?urlFlag=true&mp=1 | https://www.daraz.pk/products/i645582306-s3011629989.html?urlFlag=true&mp=1,"Daraz order confirmed 2026-05-02; delivery window 2026-05-06 to 2026-05-08. Three 10 pc clamp packs at PKR 750 each; subtotal PKR 2250 plus PKR 140 shipping. Supplemental clamp stock only; does not close fuel-rated hose/clamp kit until sizes and clamp type are validated. Product links: https://www.daraz.pk/products/i645582306-s3011629985.html?urlFlag=true&mp=1 ; https://www.daraz.pk/products/i645582306-s3011629988.html?urlFlag=true&mp=1 ; https://www.daraz.pk/products/i645582306-s3011629989.html?urlFlag=true&mp=1 | Gmail Daraz delivery email confirms order 242365766580938 delivered on 2026-05-07; keep as supplemental clamp stock until sizes, rolled edges, and fuel/coolant suitability are checked."
part_cavity_wax,03_body_chassis,body_chassis,HB Body U900 cavity wax spray 400ml x2,4998,PKR,received,received,Autohub,62192,2026-05-06,user_update|gmail,user_update_2026-05-02_autohub_prep_solvent_cavity_wax_order|gmail_msg_19de69d1f1e3d70a|gmail_order_1762192|autohub_order_62192|user_update_2026-05-08_all_remaining_autohub_orders_arrived|user_update_2026-05-11_2x_u9000_cavity_wax_received|gmail_msg_19e0c5bc0f1cf25e|blueex_tracking_AhubRider,paid,received,https://autohub.pk/products/hb-body-u900-cavity-wax-spray-u900-400ml,"Autohub order 1762192 / order number 62192 confirmed 2026-05-02: HB BODY - U900 CAVITY WAX SPRAY U900 - 400ML x2 at PKR 2499 each, line subtotal PKR 4998. Shared order also includes 3M Prep Solvent; order subtotal PKR 23997 plus PKR 249 shipping, total PKR 24246. Product link: https://autohub.pk/products/hb-body-u900-cavity-wax-spray-u900-400ml ; image: https://cdn.shopify.com/s/files/1/0424/5433/files/WEB-900SPRi-Photoroom_1_medium.png?v=1731328302 | Gmail recheck on 2026-05-08 found the shared Autohub 1762192 / 62192 confirmation only; later user confirmation on 2026-05-08 closes delivery. | User confirmed on 2026-05-08 that the cavity wax / remaining Autohub orders have arrived; user reconfirmed receipt of 2x U9000/U900 cavity wax on 2026-05-11. Receipt check: confirm two HB Body U900/U9000 400ml cans, usable nozzles/wands, intact labels, and no leakage. | Gmail recheck 2026-05-12 found Autohub shipment email sent 2026-05-09 for order 1762192 listing 3M Prep Solvent-70 x1 and HB Body U900 cavity wax x2 via Blue-ex AhubRider; user receipt confirmations from 2026-05-08 and 2026-05-11 keep the row received."
part_cabin_compact_fuse_boxes,04_electrical_reset,electrical_reset,Compact cabin fuse protection - reuse 12-way plus buy one compact OEM add-on,,PKR,planned,purchase_ready,Bilal Ganj / Montgomery Road compact OEM fuse donor supplier / OLX Mehran-Alto donor lead,,,user_update|workbook_correction|docs_cabin_fuse_box_acquisition,user_update_2026-05-03_cabin_fuse_boxes_not_ordered|workbook_parts_row_55_relay_block_received|workbook_parts_row_57_wrong_item_not_bought|user_reference_image_2026-05-03_compact_internal_fuse_box|user_front_rear_fuse_block_images_2026-05-04|docs/cabin-fuse-box-acquisition-20260503.md,not_paid,not_ordered,,"User correction 2026-05-04: under-dash cabin fuse requirement remains three separate input groups, not physical-location boxes and not the MIDI/high-current side. Need 6 constant-battery fuses, 6 ignition-on/RUN fuses, and 6 ignition part-way/ACC fuses minimum. Current preferred plan is to reuse the existing compact 12-way donor block for two 6-fuse groups if rear-terminal continuity and condition checks pass, then buy one matching compact old-OEM fuse carrier for the third group. Add-on can be 6/8/10/12-way if six positions are usable; reject bulky marine/RV/universal covered blocks. Treat branch outputs as <=30A unless manufacturer marks higher. Candidate source/order text is logged in docs/cabin-fuse-box-acquisition-20260503.md."
tool_daraz_pipe_bender_180_tube_bender_20260504,06c_brake_system,brake_system,"Pipe Bender 180 tube bender - 3/8 in, 1/4 in, 5/16 in",4499,PKR,received,received,Daraz / Megatronics pk (Peshawar),242508744880938,2026-05-07,user_update|gmail,user_update_2026-05-04_daraz_pipe_bender_order|gmail_msg_19df408ef23d48b1|gmail_msg_19e021d0af9de008|gmail_order_242508744880938|gmail_delivery_242508744880938,paid,received,,"User reported paid Daraz order 2026-05-04: Pipe Bender 180 tube bender, ratchet tubing bender for 3/8 in, 1/4 in, and 5/16 in copper, brass, aluminum, and thin steel pipes; qty 1; PKR 4499; seller Megatronics pk (Peshawar); seller to pack. This covers bending only; cutter, deburrer/reamer, and brake-line flaring tool/dies remain unconfirmed for in-house hard-line fabrication. | Gmail Daraz order 242508744880938 confirmed on 2026-05-05 and delivery email confirms delivered on 2026-05-07; receipt check still needs smooth ratchet action and correct fit for 1/4, 5/16, and 3/8 in tube."
part_daraz_clear_pvc_bleed_hose_2m_20260504,06c_brake_system,brake_system,2meter Clear PVC Hose Tube pipe ID7mm OD10mm transparent vinyl tubing,227,PKR,received,received,Daraz / GoBazaar.pk,242508745080938,2026-05-07,user_update|gmail,user_update_2026-05-04_clear_bleed_hose_order|gmail_msg_19df408f0591f0c1|gmail_msg_19e021d05ca94bc4|gmail_order_242508745080938|gmail_delivery_242508745080938,paid,received,,"User reported paid Daraz order 2026-05-04: 2meter Clear PVC Hose Tube pipe ID7mm OD10mm clear transparent vinyl tubing water pipe; color family Multicolor; qty 1; PKR 227; seller GoBazaar.pk; seller to pack. Temporary brake bleeding hose only; not for permanent fuel, coolant, vacuum, or hydraulic pressure service. | Gmail Daraz order 242508745080938 confirmed on 2026-05-05 and delivery email confirms delivered on 2026-05-07; use only as temporary clear brake bleed hose, not as permanent fuel, coolant, vacuum, or pressure line."
part_daraz_nitrile_gloves_black_l_100pc_20260504,06c_brake_system,brake_system,Safety Black Disposable Nitrile gloves 100 PCs Box - black large,2333,PKR,received,received,Daraz,242508745280938,2026-05-14,user_update|gmail,user_update_2026-05-04_nitrile_gloves_order|gmail_msg_19df408f2cc8e480|gmail_order_242508745280938|user_update_2026-05-14_nitrile_gloves_received,paid,received,,"User reported paid order 2026-05-04: Safety Black Disposable Nitrile gloves 100 PCs Box; color family Black; size L; qty 1; PKR 2333. Brake/cleaning PPE for hydraulic opening prep. Gmail Daraz order 242508745280938 confirmed on 2026-05-05 for Safety Black Disposable Nitrile gloves 100 PCs Box x1. Earlier Gmail checks found the order confirmation but no separate delivery email; user physical receipt on 2026-05-14 supersedes the delivery-email gap. Close delivery as received; receipt check remains: confirm box count, size L, nitrile/powder-free marking if present, and no torn packaging before brake-fluid work."
tool_toolsmart_harden_mini_tube_cutter_3_22mm_20260504,06c_brake_system,brake_system,Harden Mini Tube Cutter 3-22mm,1380,PKR,received_candidate,received_candidate,ToolsMart.pk,TM25550,,gmail,gmail_msg_19df40dbc5116bb3|gmail_order_TM25550|gmail_fulfillment_review_TM25550|gmail_msg_19e4ba9b39b2d734,unknown,needs_confirmation,,"ToolsMart order TM25550 confirmed on 2026-05-04: Harden Mini Tube Cutter 3-22mm x1 at PKR 1380. Receipt check must confirm smooth cutting wheel action and fit on 4.75 mm, 6 mm, and 8 mm tube stock. | Gmail recheck on 2026-05-08 found only the ToolsMart TM25550 confirmation and no shipment or delivery email; keep pending. Payment is still not proven by Gmail alone. | Gmail recheck 2026-05-12 found only ToolsMart order TM25550 confirmation and no shipment or delivery email; keep pending delivery. | Gmail review request 2026-05-21 (message 19e4ba9b39b2d734) says ToolsMart fulfilled order TM25550 16 days earlier. Treat as received-candidate and physically verify the cutter is on shelf and fits 4.75/6/8 mm tube before use."
tool_toolsmart_pard_double_flaring_cutting_tool_set_4_16mm_20260504,06c_brake_system,brake_system,PARD Double Flaring and Cutting Tool Set - 4-16mm,18210,PKR,received_candidate,received_candidate,ToolsMart.pk,TM25550,,gmail,gmail_msg_19df40dbc5116bb3|gmail_order_TM25550|gmail_fulfillment_review_TM25550|gmail_msg_19e4ba9b39b2d734|gmail_fulfillment_review_TM25550_pard|gmail_msg_19e2cb8173b05a0e,unknown,needs_confirmation,,"ToolsMart order TM25550 confirmed on 2026-05-04: PARD Double Flaring and Cutting Tool Set - 4-16mm x1 at PKR 18210. Receipt check must verify die sizes cover 4.75 mm / 3/16 in brake line and the required flare type before use. | Gmail recheck on 2026-05-08 found only the ToolsMart TM25550 confirmation and no shipment or delivery email; keep pending. Payment is still not proven by Gmail alone. | Gmail recheck 2026-05-12 found only ToolsMart order TM25550 confirmation and no shipment or delivery email; keep pending delivery. | Same TM25550 post-fulfillment Gmail evidence now makes this a received-candidate, not a delivery-tracking item. Physically verify the PARD kit is present and that its dies can make the required 4.75 mm / 3/16 in double/inverted flare before releasing brake-line fabrication. | Gmail review request 2026-05-15 (message 19e2cb8173b05a0e) is item-specific to the PARD Double Flaring and Cutting Tool Set and says ToolsMart fulfilled order TM25550 10 days earlier."
tool_pakoxygen_ar_co2_canister,03_body_chassis,body_chassis,Ar-CO2 Canister,42362,PKR,received,received,pakoxygen,,,workbook_reconciliation|user_update,workbook_tools#row_41|user_update_2026-05-08_ar_co2_canister_arrived,paid,received,,"Imported from J40_Costs.xlsx Tools row 41: Ar-CO2 Canister from pakoxygen, PKR 42362, previously paid in the workbook. User confirmed on 2026-05-08 that the Ar-CO2 canister has arrived. Receipt/use check: confirm gas mix, cylinder test date, ownership/deposit paperwork, valve/regulator compatibility, and leak check before MIG welding."
part_chassis_masking_plugs_tape_solvent_wipes,03b_chassis_fixing,chassis_fixing,Chassis coating masking pack - Ultra-cloth solvent-safe wipes and masking tape,7099,PKR,received,received,Autohub + Autostore.pk,1762336|80788,,user_update|gmail,user_update_2026-05-08_chassis_raptor_masking_consumables_needed|user_update_2026-05-08_chassis_masking_tape_wipes_purchased|user_update_2026-05-11_ultra_cloth_masking_tape_received|gmail_msg_19e07889134f5cb5|gmail_order_1762336|gmail_msg_19e0c5bf0525eaf0|blueex_tracking_AhubRider|bank_alert_19e0788ae42cca42|gmail_msg_19e078ab2e5df2f2|autostore_order_80788,paid,received,,"User update 2026-05-08: Raptor selected as the chassis exposed finish after primer/sealer; extra brushes are on hand and strip/flap discs are angle-grinder consumables with existing recorded stock to count before rebuying. Order before solvent wipe/primer/Raptor: solvent-safe lint-free wipes and automotive masking tape; avoid shedding cloth, newspaper where solvent/wet coating can bleed, and plugs/tape that leave residue. User update 2026-05-11 confirms Ultra-cloth and masking tape received. Masking plugs were not separately ordered: on-hand received rubber grommet assortment may be used as temporary masking for open unthreaded holes only after fit and solvent/residue check. Use sacrificial bolts for threaded holes; do not use grommets for brake/fuel line ends, threaded holes, ground pads, or body-mount bearing faces. Buy separate tapered plugs only if grommet fit/check fails. | Gmail recheck 2026-05-12 ties the received masking pack to Autohub order 1762336 / order no. 62336 for 3M Blue High Performance Ultra Soft Cloth x4 at PKR 4600 plus PKR 249 shipping, total PKR 4849, and Autostore order #80788 for green masking tape 24 mm x2 and 48 mm x1 at PKR 2000 plus PKR 250 shipping, COD total PKR 2250. User already confirmed Ultra-cloth and masking tape received on 2026-05-11."
part_aliexpress_waterproof_relay_5pin_40a_6pc_20260511,04_electrical_reset,electrical_reset,Waterproof 5-pin 40A automotive relay pack - 5PIN 40A DC12V x6,8196,PKR,received,received,AliExpress,3070231697837489,,gmail|user_update,gmail_msg_19e10f7bc91fba44|gmail_msg_19e161ddf7117e32|gmail_order_3070231697837489|user_update_2026-05-13_relay_pack_arrived,paid,received,,"Gmail AliExpress emails show order 3070231697837489 for 4/5 Pin 4P/5P 40A waterproof car relay, selected 5PIN 40A DC12V x6, order total PKR 8196. May 10 awaiting-confirmation and May 11 review emails indicate the order was marked complete, but physical receipt is not yet user-confirmed; check x6 relay count, 12V coil marking, 5-pin layout, terminal quality, seals, and whether these belong in electrical relay stock before closing as received. | User confirmed on 2026-05-13 that the waterproof 5-pin 40A DC12V relay pack x6 has physically arrived. Close delivery as received; bench/fit check remains: confirm all 6 relays, 12V coil marking, 5-pin changeover layout, terminal retention, socket seals, and allocation into electrical relay stock."
tool_almiraj_ingco_air_setup_bundle_20260517,00_site_setup,site_setup,"Almiraj INGCO air and cleaning setup - ACS112501 compressor, AH1151 hose, ABG081-3 blow gun, ATG0601 tire inflator, AWG1001 washing gun, HGVC02 gloves, HPWR12008 pressure washer",83549,PKR,ordered,ordered_partial_pending_delivery,almirajtrading.com.pk,,,user_update|web,user_update_2026-05-17_ingco_air_setup_purchase_intent|user_update_2026-05-18_almiratrading_ingco_order|web_almiraj_acs112501|web_almiraj_ah1151|web_almiraj_abg0813|web_almiraj_atg0601|web_toolsmart_tat40122|user_update_2026-05-27_air_compressor_received,paid,pending_delivery,,"Purchased from almiratrading / Almiraj Trading on 2026-05-18; not yet received. Lines: ACS112501 compressor PKR 57000; AH1151 hose PKR 2850; ABG081-3 blow gun PKR 930; ATG0601 tire inflator PKR 2880; AWG1001 washing gun PKR 2230; HGVC02 leather gloves 10 in PKR 1660; HPWR12008 high pressure washer PKR 15999. Total PKR 83549. Receipt check must confirm all seven items. AH1151 may still be too small-bore for stubborn 1/2 in impact use; keep the large-bore Nitto hose follow-up open until impact performance is proven. | User update 2026-05-27: air compressor is now on hand. Keep this aggregate order partially open until the remaining Almiraj bundle lines are counted/confirmed: AH1151 hose, ABG081-3 blow gun, ATG0601 tire inflator, AWG1001 washing gun, HGVC02 gloves, and HPWR12008 pressure washer. Original AH1151 hose may be small-bore/type-limited; separate ToolsMart TM25776 Licota Nitto-type hose remains the impact-hose follow-up."
tool_daraz_respirator_mask_20260518,00_site_setup,site_setup,Epoxy Resin Mask Respirator Industrial Safety Mask for Epoxy Resin Art Workers Safety Chemical Anti-Dust Anti-Allergy double Filter,946,PKR,received,received,Daraz / H&Z baby products,243331393680938,2026-05-21_to_2026-05-23,gmail,gmail_msg_19e392e32e93eddd|gmail_order_243331393680938|gmail_delivery_243331393680938|gmail_msg_19e3fbe04164503a,paid,received,,"Daraz order confirmed 2026-05-18 11:42; paid by JazzCash. Item PKR 801 plus shipping PKR 145, total PKR 946. Expected delivery window 2026-05-21 to 2026-05-23. Keep pending until the mask is received and checked against paint/epoxy PPE needs. | Gmail delivery email 2026-05-19 (message 19e3fbe04164503a) says Daraz order 243331393680938 was successfully delivered; close delivery tracking, with only normal PPE fit/use check remaining."
tool_daraz_safety_goggles_20260518,00_site_setup,site_setup,Safety Goggle Safety Protective Glasses Goggles Anti Splash Dust Proof Work Lab Eyewear Eye Protection Industrial Research Safety Glasses Clear Lens Multi-function Anti-Fog Antisand Windproof Dust Resistant,869,PKR,received,received,Daraz / Reliable_Shop,243331393480938,2026-05-21_to_2026-05-23,gmail,gmail_msg_19e392e35701144b|gmail_order_243331393480938|gmail_delivery_243331393480938|gmail_msg_19e4a66145e96435,paid,received,,"Daraz order confirmed 2026-05-18 11:42; paid by JazzCash. Item PKR 699 plus shipping PKR 170, total PKR 869. Expected delivery window 2026-05-21 to 2026-05-23. Keep pending until goggles are received and checked for usable seal/fit before grinding/paint-prep work. | Gmail delivery email 2026-05-21 (message 19e4a66145e96435) says Daraz order 243331393480938 was successfully delivered; close delivery tracking, with only normal goggles fit/seal check remaining."
tool_large_bore_nitto_air_hose_impact_followup_20260517,00_site_setup,site_setup,Large-bore Nitto air hose for 1/2 inch impact wrench,4720,PKR,ordered,ordered_pending_delivery,ToolsMart.pk,TM25776,,user_update|web|gmail,user_update_2026-05-17_ingco_air_setup_purchase_intent|web_almiraj_ah1151|web_toolsmart_tat40122|web_toolsmart_licota_pu_hose_9m_nitto|gmail_msg_19e5622147cdd91a|gmail_order_TM25776|bank_alert_19e5622515169f29,paid,pending_delivery,,"ToolsMart order TM25776 confirmed on 2026-05-23 includes LICOTA MADE IN TAIWAN PU HOSE ROLL 9M W/ NITTO TYPE QUICK COUPLER x1 at PKR 4720. This should clear the impact-wrench airflow follow-up if the delivered hose is truly larger-bore and has compatible Nitto/Japanese quick couplers. Receipt check: confirm hose ID/OD if marked, coupler fit, no cuts or leaks, and actual impact performance on stubborn fasteners. | Air compressor is now on hand per user update 2026-05-27, but this replacement hose stays pending until ToolsMart order TM25776 is received and the Nitto-type couplers, hose bore, leaks, and actual impact-wrench performance are checked against the compressor and tools."
tool_metric_flare_nut_wrench_set_20260514,06c_brake_system,brake_system,Metric flare-nut / brake-line wrench set,1970,PKR,ordered,ordered_partial_pending_delivery,ToolsMart.pk,TM25776,,docs_selection|web|gmail,docs/brake-hard-line-tool-parts-selection-20260514.md|BHL-TOOL-005|web_toolsmart_licota_12x14|web_toolshub_10x12_search|gmail_msg_19e5622147cdd91a|gmail_order_TM25776|bank_alert_19e5622515169f29,paid,pending_delivery,,"ToolsMart order TM25776 confirmed on 2026-05-23 includes LICOTA MADE IN TAIWAN FLARE NUT WRENCH 12 X 14 x1 at PKR 1970. This partially covers the flare-nut/line-wrench requirement only; still check the actual J40 fitting hexes and whether 10, 11, 17, or 19 mm line wrenches remain needed before opening old hydraulic fittings."
tool_toolsmart_ingco_heavy_duty_cable_cutter_250mm_hhccb0210_20260523,04_electrical_reset,electrical_reset,Ingco Heavy duty cable cutter 250mm HHCCB0210,2130,PKR,ordered,ordered_pending_delivery,ToolsMart.pk,TM25776,,gmail|web,gmail_msg_19e5622147cdd91a|gmail_order_TM25776|bank_alert_19e5622515169f29|web_toolsmart_hhccb0210,paid,pending_delivery,,"ToolsMart order TM25776 confirmed on 2026-05-23 includes Ingco Heavy duty cable cutter 250mm HHCCB0210 x1 at PKR 2130. Intended for electrical cable sizing and clean cable cuts during loom reset; receipt check jaw alignment, cutting edge condition, pivot/action, handle insulation/grip condition, and do not use it on hardened steel."
tool_sledge_hammer_3lb_20260527,00_site_setup,site_setup,Harden 3lb Sledge Hammer Fiberglass Handle 590323,3730,PKR,ordered,ordered_pending_delivery,ToolsMart.pk,TM25878,,user_update|docs_amir_montgomery|gmail|bank_alert,user_update_2026-05-28_procured_by_amir|docs/amir-montgomery-road-shopping-list-20260527.md|gmail_msg_19e8952abd639176|gmail_order_TM25878|bank_alert_19e8952ef41e78f,paid,pending_delivery,,"Gmail import 2026-06-03: ToolsMart order #TM25878 confirmed 2026-06-02 for Harden 3lb Sledge Hammer Fiberglass Handle 590323 x1, total PKR 3730. Online order controls over the earlier Amir/local candidate until any local hammer is physically proven. Receipt check actual 3 lb head, tight head-to-handle fit, solid handle, no cracks, and usable striking faces."
tool_toolsmart_licota_quick_coupler_1_4_iron_20260527,00_site_setup,site_setup,LICOTA MADE IN TAIWAN QUICK COUPLER - ONE TOUCH 1/4 in IRON,1390,PKR,ordered,ordered_pending_delivery,ToolsMart.pk,TM25805,,gmail|bank_alert,gmail_msg_19e6a00106af752c|gmail_order_TM25805|bank_alert_19e6a0072d6b41d7,paid,pending_delivery,,"ToolsMart order TM25805 confirmed 2026-05-27 includes LICOTA MADE IN TAIWAN QUICK COUPLER - ONE TOUCH 1/4 inch IRON x1 at PKR 1390. Receipt check: confirm Nitto/Japanese quick-coupler profile, 1/4 thread type, fit to the compressor hose/tools, and no air leaks."
tool_toolsmart_pard_double_flaring_cutting_tool_set_tm25805_20260527,06c_brake_system,brake_system,PARD Double Flaring and Cutting Tool Set - 3/16 in to 5/8 in,18210,PKR,ordered,ordered_pending_delivery,ToolsMart.pk,TM25805,,gmail|bank_alert,gmail_msg_19e6a00106af752c|gmail_order_TM25805|bank_alert_19e6a0072d6b41d7,paid,pending_delivery,,ToolsMart order TM25805 confirmed 2026-05-27 includes PARD Double Flaring and Cutting Tool Set - 3/16 inch to 5/8 inch x1 at PKR 18210. This is a second/replacement PARD flaring-kit candidate; release brake-line fabrication only after physical scrap-tube double/inverted flare testing.
tool_toolsmart_licota_pu_hose_9m_nitto_tm25805_20260527,00_site_setup,site_setup,LICOTA MADE IN TAIWAN PU HOSE ROLL 9M W/ NITTO TYPE QUICK COUPLER,4720,PKR,ordered,ordered_pending_delivery,ToolsMart.pk,TM25805,,gmail|bank_alert,gmail_msg_19e6a00106af752c|gmail_order_TM25805|bank_alert_19e6a0072d6b41d7,paid,pending_delivery,,"ToolsMart order TM25805 confirmed 2026-05-27 includes a second LICOTA PU HOSE ROLL 9M W/ NITTO TYPE QUICK COUPLER x1 at PKR 4720. Receipt check hose bore, Nitto coupler fit, leaks, and impact-wrench performance."
tool_daraz_angle_grinder_m8_antivibration_side_handle_20260527,00_site_setup,site_setup,M8 Thread Angle Grinder Handle thickened anti-vibration side handle for 100 type angle grinder,1354,PKR,ordered,ordered_pending_delivery,Daraz / Buy More Save More Store,243775543180938,2026-06-05_to_2026-06-11,gmail|bank_alert,gmail_msg_19e69fe615478540|gmail_order_243775543180938|bank_alert_19e69febe5ca7e55,paid,pending_delivery,,"Daraz order 243775543180938 confirmed 2026-05-27 for M8 anti-vibration 100-type angle-grinder side handle x1, total PKR 1354. Verify M8 thread and grinder compatibility on receipt."
tool_aliexpress_nitto_male_coupling_air_fittings_5pc_20260527,00_site_setup,site_setup,AliExpress 5PCS NITTO male coupling air fittings,3072,PKR,ordered,ordered_pending_delivery,AliExpress,3073111533377489,,gmail,gmail_msg_19e69fea16f42834|gmail_order_3073111533377489|gmail_msg_19e9612f4e02d240|gmail_package_PK015448775R,paid,pending_delivery,,"AliExpress order 3073111533377489 confirmed 2026-05-27: 5PCS NITTO Male Coupling Air ... x1, total PKR 3072. Product title is truncated in the email; verify exact profile/thread/quantity and leak-free fit on receipt. | Gmail import 2026-06-07: AliExpress package PK015448775R for the NITTO male coupling fittings reached destination-country local transit by 2026-06-05 after customs clearance; still pending delivery and thread/profile/leak checks."
part_star_washers,04_electrical_reset,electrical_reset,"Star / lock washer pack - M6 x120, M8 x60, M10 x30",,PKR,received_candidate,received_candidate,Amir / Montgomery Road local fastener supplier,amir_local_procurement_20260528,,user_update|docs_amir_montgomery,user_update_2026-05-28_procured_by_amir|docs/amir-montgomery-road-shopping-list-20260527.md,unknown,needs_confirmation,,Procured by Amir per user clarification 2026-05-28; reconcile against Millat Kit D and confirm counts/sizes before grounding use.
part_brake_clutch_475_hard_line_stock_full_vehicle_20260514,06c_brake_system,brake_system,Brake/clutch hard-line tube stock candidate - Altivox 3/16 in 25 ft kit with 28 fittings,35496,PKR,ordered,ordered_pending_delivery,Ubuy,1622606272102,10-15_business_days_plus_customs,user_update|docs_amir_montgomery|gmail|ubuy,user_update_2026-05-28_procured_by_amir|docs/amir-montgomery-road-shopping-list-20260527.md|gmail_msg_19e88d9b5b2e0cca|ubuy_order_1622606272102,paid,pending_delivery,,"Gmail import 2026-06-03: Ubuy order #1622606272102 confirmed 2026-06-02 for Altivox 3/16 in Brake Line Kit-25ft with 28 fittings, total PKR 35496 before customs/import duties. Online order controls over earlier Amir/local candidate until local tube is physically proven. Receipt check brake-rated tube material, 25 ft length, flare compatibility, and fitting thread/seat compatibility; may still need top-up tube after final route lengths."
part_rear_drum_spring_hold_down_hardware_20260527,06c_brake_system,brake_system,Rear drum hardware kit - Centric 116971-05110530 1960-1980 Toyota Land Cruiser,,PKR,received_candidate,received_candidate,Amir / local brake parts supplier,amir_local_procurement_20260528,,user_update|docs_amir_montgomery,user_update_2026-05-28_procured_by_amir|docs/amir-montgomery-road-shopping-list-20260527.md|user_update_2026-05-28_procured_by_amir_addendum,unknown,needs_confirmation,,Procured by Amir per user clarification 2026-05-28; check kit contents and fit against opened drums before installation. Also explicitly repeated in user addendum 2026-05-28.
part_raptor_hardener_1l_amir_20260528,03b_chassis_fixing,chassis_fixing,Raptor hardener / activator - 1 L,,PKR,received_candidate,received_candidate,Amir / local paint supplier,amir_local_procurement_20260528,,user_update|docs_amir_montgomery,user_update_2026-05-28_procured_by_amir|docs/amir-montgomery-road-shopping-list-20260527.md,unknown,needs_confirmation,,Procured by Amir per user clarification 2026-05-28; confirm genuine/compatible Raptor activator before mixing.
part_brighto_extreme_paint_remover_3l_amir_20260528,03b_chassis_fixing,chassis_fixing,Brighto Extreme Paint Remover - 3 L,4670,PKR,ordered,ordered_pending_delivery,Brighto Paints,1695,,user_update|gmail|brighto,user_update_2026-05-28_procured_by_amir_addendum|docs/amir-montgomery-road-shopping-list-20260527.md|gmail_msg_19e868d88f131e0b|gmail_msg_19e88ca5449085af|brighto_order_1695,paid,pending_delivery,,"Gmail import 2026-06-03: Brighto Paints order #1695 confirmed 2026-06-02 for Brighto Extreme Paint Remover 3 L x1, total PKR 4670. Online order controls over earlier Amir/local candidate until any local container is physically proven. Confirm sealed product, no leaks, and safe use/PPE before stripping."
tool_blow_torch_amir_20260528,00_site_setup,site_setup,Multi-purpose blow torch head for seized suspension pin heat release,3194,PKR,received,received,Daraz / Adnan Trading Shop,242695068680938,,user_update|gmail|daraz,user_update_2026-05-28_procured_by_amir_addendum|docs/amir-montgomery-road-shopping-list-20260527.md|gmail_msg_19e83011c52fec8c|gmail_delivery_242695068680938,paid,received,,"Gmail import 2026-06-03: Daraz order 242695068680938 delivered 2026-06-01 for Multi-Purpose Blow Torch Head x1, total PKR 3194. Online order controls over earlier Amir/local candidate until any local torch is physically proven. Confirm compatible canister, leak-free valve/ignition, and fire-safety setup before heating suspension hardware."
