rubber_order_id,priority,item_group,workstream_category,required_for_current_build,route,quantity_to_order,ordering_spec,material_spec,measurements_required_before_order,pre_order_gate,source_rows,linked_files,notes
RUB-001,P0_NOW,Body-to-chassis mount rubber fabrication package,chassis_rubbers,YES,longman_custom_rubber_order,Three supplier-facing Longman order groups: 1) simple 80 x 80 body pads - 30 x one active 80 x 80 x 24 body pad; smaller 22 mm body-rubber line removed; 2) front support/body-support rubbers - 2 x FS-OVAL plus 1 x FS-STRIP-L and 1 x FS-STRIP-R; 3) bump stops - 3 x BUMP-60010-LONG and 1 x BUMP-60020-SHORT using the May 31 exact front-stop shape with rear/back stops made longer; full-width flat liners still on hold until identified,"Use docs/longman-rubber-order-spec-20260508.md and data/manual/longman_rubber_order_specs.csv as the current order-line control. Present the supplier request as three order things, while keeping the detailed part IDs for drawing and first-article control. Main body pads are one square flat custom isolator size with explicit 3D envelope of 80 L x 80 W x 24 H, R1.5 plan corners, top/bottom edge break or chamfer, and 18.0 mm through bore for Toyota 90560-12009 style sleeves. The smaller 22 mm BM-ISO-SM line is removed from the active order. The extra body-pad pieces are dry-fit allowance for stations that prove they need two simple 80 x 80 pads stacked; they are not a release for ribbed, sculpted, or station-specific body-rubber profiles. FS-OVAL is a 96 L x 64 W x 15 T capsule with R32 ends and 0.5-1.0 edge break. FS-STRIP-L/R are released as plain underfloor body-support strips at 420 L x 38 W x 8 T with R1.5 corners and 0.5-1.0 edge break. Bump-stop rubber follows the May 31 photos: broad rounded/tapered body on a metal backing/fixture with exposed mounting ears and flat strike area. Photo-survey nominals are 70 mm long-family sample height, 110 mm metal fixture length, 65 mm rubber span along the hole axis, and 90 mm metal-ear mounting-hole pitch, all to roughly the nearest 5 mm for identification and first-fit screening. Rear/back stops use the same family made longer; the short right-front height remains separately controlled at 60 mm.","New automotive mount-grade black rubber; EPDM or NR/SBR; Shore A 60 +/-5 for body/front-support pieces; bump-stop rubber Shore A 70 +/-5 with sample-proven fixture/insert retention where present; no tyre rubber, crumb rubber, mixed offcuts, used rubber, or unmarked salvage rubber","Confirm flat footprint, free height, Toyota 90560-12009 style sleeve fit, front oval hole spacing, installed stack height, only any local side trim for the strip pair, any proven two-pad body-mount station, and bump-stop metal-ear hole diameter, internally threaded holder size/pitch, fixture width/thickness/channel, bracket fit, X/Y/G/F values, bolt engagement and non-bottoming. The photo-derived 110/65/90/70 mm values are not manufacturing tolerances.","Longman can quote the three order groups now: one active 80 x 80 x 24 body-pad size with extra dry-fit stacking spares, front support/body-support rubbers, and May 31 front-stop-based bump-stop first articles. Only full-width liners remain on identification hold.",chassis_rubber_requirements CR-MAIN-001/002/CR-FRONT-001/002/003/004; longman_rubber_order_specs BM-ISO-LG/FS-OVAL/FS-STRIP-L/FS-STRIP-R/BODY-LINER-FULL-WIDTH-HOLD,docs/longman-rubber-order-spec-20260508.md; data/manual/longman_rubber_order_specs.csv; docs/chassis-rubbers-workstream.md; data/manual/chassis_rubber_requirements.csv,"Current order is simplified to three supplier-facing things: one 80 mm body-pad size, front support/body-support rubbers, and bump stops. The smaller 22 mm body-rubber line is removed, extra simple 80 mm pads cover dry-fit stacking only where needed, the strip release is a custom flat underfloor support liner pair, and bump-stop controls now come from the May 31 usable images plus the removed metal fixture and vehicle bracket measurements; exclude unrelated image 20260531_171833_gp_Vw96I7Mg."
RUB-002,P0_NOW,Body mount sleeve cup shim and hardware package,chassis_rubbers,YES,separate_hardware_inspect_and_buy,Toyota 90560-12009 style body-mount sleeves x6; inspect existing cup/seat washers before deciding replacement; M10 trial bolt pack 16; M10 nuts/washers/repair pack 1; thin shim pack 1; thick spacer control pack 1,"Use data/manual/body_mount_order_release_specs.csv lines BM-HW-001 to BM-HW-005 and BM-SHIM-001 to BM-SHIM-002. Sleeves are Toyota 90560-12009 style spacers: length 48.1 mm, M10 clearance ID if made locally, OD copied from old/OE sample, and 18.0 mm rubber bore target.","Steel tube, cup washers, shims, and structural fasteners; zinc plated, epoxy primed, or painted after cutting; class-marked bolts only",Confirm bolt pitch and length by station; genuine/old 90560-12009 sleeve ID/OD/length if local copy is needed; existing washer/cup condition; cup/dish depth if replacement is needed; original shim stack by position; captive nut condition,No random washer stacks inside the rubber sandwich; no arbitrary tube-stock sleeve substitution,chassis_rubber_requirements CR-MAIN-003/004/CR-SHIM-001/CR-HARD-001,data/manual/body_mount_order_release_specs.csv; data/manual/body_mount_release_actions.csv; data/manual/body_mount_station_closure_sheet.csv; data/manual/chassis_rubber_requirements.csv; data/manual/rubber_recreation_toyota_oe_cross_reference.csv,"Keep the hardware linked to the workstream, but do not include it in the Longman rubber order."
RUB-003,P1_NOW,Firewall column wiper and rear wiring grommet top-up set,sealing_grommets,YES,inventory_audit_then_topup_by_dimension,Top up only after counting existing purchased grommet set; buy assorted sizes plus exact large boots as needed,"Order each grommet by panel hole OD, cable/pipe OD, panel thickness, groove width, and flange OD. Include firewall, steering column, wiper harness, rear wiring, and unused body holes that will remain open.",EPDM for weather/firewall use; NBR where oil/fuel mist contact is possible; heat-resistant rubber near engine bay,Measure every open hole after paint/primer masking plan; record cable/pipe OD and panel thickness,Do not buy another bulk kit until the existing grommet inventory is laid out and matched to holes,"rubbers_exact_online row 4; parts rows 35, 49, 157, 224",data/manual/workbook_tabs/rubbers_exact_online.csv; data/manual/workbook_tabs/parts.csv,One grommet set appears already procured; this row prevents duplicate generic kits.
RUB-004,P1_INSPECT,Steering column firewall boot or seal,sealing_grommets,CONDITIONAL,sample_match_or_fabricate,"1 complete boot/seal if the current part is cracked, missing, or loose","Order by column shaft OD, firewall hole OD, flange shape, mounting hole pattern if present, and column angle. If no exact part is available, fabricate from oil/weather-resistant sheet or boot material using the old sample.",EPDM or NBR automotive boot rubber; flexible enough to seal at column angle without tearing,"Measure shaft OD, firewall opening, panel thickness, bolt pattern, and required installed angle","Buy only after column, pedals, and firewall penetrations are trial-fitted",parts row 144; rubbers_exact_online row 4,data/manual/workbook_tabs/parts.csv,Keep separate from small grommet assortments because the column angle and flange shape matter.
RUB-005,P6_INSPECTION_NOTE,Engine mount inspection note - no active purchase,powertrain_mounts,NO,removed_from_active_parts_list_no_engine_removal,0,Do not order engine mounts under the current engine-installed baseline.,Only needed if a future approved supported-engine job reopens replacement.,"Inspect in place after degreasing and under load; photograph cracks, separation, sag, oil-soak failure, stud/thread pattern, and loaded height.",Reopen only if mounts fail and another approved job already provides safe engine support; do not buy an engine lift solely for mounts.,"rubbers_exact_online row 5; parts rows 22, 212",data/manual/workbook_tabs/rubbers_exact_online.csv; data/manual/workbook_tabs/parts.csv,Removed from active parts list 2026-05-04: current baseline keeps the engine installed and no engine support/removal is planned. Inspect current mounts in place after degreasing and under load; reopen a purchase only if mounts fail and another approved job already provides safe engine support.
RUB-006,P1_INSPECT,Gearbox transfer mounts and top-cover rubber service items,powertrain_mounts,YES,buy_model_specific_after_inspection,Complete transmission/transfer mount set plus any gear-lever/top-cover rubber seats or boots found worn,"Order by transmission/transfer combination, crossmember bracket spacing, stud/thread pattern, mount height, and shift tower boot/seat dimensions.",Oil-resistant bonded rubber-metal mount material for mounts; NBR/EPDM boot rubber depending on oil exposure,"Confirm bracket spacing, stud/thread size, free height, loaded sag, oil contamination, and shift tower rubber condition",Inspect after degreasing; buy only the mount style that matches the installed gearbox/transfer case,"rubbers_exact_online row 6; parts rows 14, 213",data/manual/workbook_tabs/rubbers_exact_online.csv; data/manual/workbook_tabs/parts.csv,Grouped because transmission support rubber and top-cover rubber may be serviced in the same access window.
RUB-007,P0_RECEIPT_CHECK,Leaf spring eye and shackle bush set,suspension_ironman,YES,covered_by_ironman_receipt_check,"Do not separately order now; if Ironman kit is incomplete, buy only missing quantity for all four springs and shackles/pins","Use the bushes supplied with the Ironman spring/shackle kit unless the receipt check proves missing, damaged, or incorrect parts. Any replacement must match spring eye ID, shackle/pin OD, sleeve length, bush width, and Ironman instructions.","Use Ironman-specified bush material/hardness for the kit; if replacing separately, use matched automotive suspension bushes, not mixed rubber/PU side to side","Measure spring eye ID, chassis hanger ID, shackle/pin OD, sleeve length, bush flange width, and quantity per eye only if missing from kit",Count the Ironman main kit before any separate suspension bush purchase,rubbers_exact_online rows 7-8; rubbers_kit_buy row 5; parts rows 160-161,docs/bilal-ganj-detailed-size-specs.md; scripts/build_project_control_ui.py,This is the highest duplicate-buy risk. Ironman kit contents control the order.
RUB-008,P1_INSPECT,Steering bushings and relay/column rubber parts,steering,CONDITIONAL,buy_if_play_or_cracking_found,"Only the bushings that show measurable play, cracking, swelling, or missing material","Order by exact steering assembly position, shaft/pin OD, housing bore ID, bush length, and flange/washer style. Do not replace steering wear diagnosis with generic rubber parts.",Automotive steering bushing rubber or specified OEM-equivalent material; do not mix unknown hardnesses across paired positions,"Check steering play source first; measure ID, OD, length, flange thickness, and grease/oil exposure","Buy after inspection, not from a generic steering category search",rubbers_exact_online row 9; parts row 230,data/manual/workbook_tabs/rubbers_exact_online.csv; data/manual/workbook_tabs/parts.csv,Separate from suspension bushes because steering play diagnosis controls the required part.
RUB-009,P0_NOW,Brake flexible hose set,brakes,YES,buy_new_safety_assemblies,"Full vehicle brake flex hose set: front left, front right, and rear/center axle hose; add any axle-to-frame variants found during inspection","Order complete crimped brake hose assemblies by end fitting type, thread, banjo/flare style, old-sample/free length, and bracket clip groove. OEM/current-style length is acceptable because the Ironman geometry is treated as effectively the same as the current setup.",DOT/SAE J1401 or OEM-equivalent hydraulic brake hose assemblies; crimped fittings only; no generic rubber hose,"Measure existing hose length, end fittings, thread pitch, clip groove, and fitted route clearance",Buy new before road use; final length decision waits for fitted-end and old-sample confirmation,"rubbers_exact_online row 10; rubbers_kit_buy row 7; parts rows 19, 190",data/manual/workbook_tabs/rubbers_exact_online.csv; data/manual/workbook_tabs/parts.csv,Safety-critical. Do not fabricate from non-brake hose.
RUB-010,P1_INSPECT,Clutch flex hose,clutch_hydraulics,CONDITIONAL,buy_if_worn_or_unknown_age,"1 clutch flex hose if cracked, aged, swollen, leaking, or of unknown service life","Order by overall length, end fitting type, thread, hard-line interface, slave-cylinder interface, and clip/bracket retention style.",Hydraulic clutch/brake-rated flexible hose assembly; crimped ends; fluid-compatible inner liner,"Measure length, thread pitch, flare/banjo type, bracket groove, and routing clearance",Buy if condition is uncertain while hydraulic system is accessible,rubbers_exact_online row 11; parts row 197,data/manual/workbook_tabs/rubbers_exact_online.csv; data/manual/workbook_tabs/parts.csv,Use the same discipline as brake hose sourcing; not generic hose.
RUB-011,P0_NOW,Fuel feed return vent hoses and clamps,fuel_system,YES,buy_new_by_diameter_and_rating,"All flexible fuel feed, return, vent, filler-adjacent short connections found on the vehicle plus clamps","Order hose by inside diameter, total length, bend/routing need, fuel type, pressure exposure, and connection style. Use rolled-edge/fuel-injection style clamps sized to the hose OD.","Diesel-compatible fuel hose; SAE J30 R9 preferred for pressure/feed, SAE J30 R7 acceptable only for low-pressure diesel return/vent if verified; NBR/FKM fuel-safe seals; stainless or plated fuel clamps","Measure each hose ID, total run length, barb OD, clamp size, heat exposure, and abrasion points","Replace old unknown fuel hose; do not use coolant, vacuum, washer, or generic rubber hose","rubbers_exact_online row 12; rubbers_kit_buy row 8; parts rows 25, 202, 203, 204",data/manual/workbook_tabs/rubbers_exact_online.csv; data/manual/workbook_tabs/parts.csv,"Safety-critical and cheap compared with rework. Label feed, return, and vent separately."
RUB-012,P0_NOW,Tank strap pads sender seal filler hose and tank rubber ancillaries,fuel_system,YES,buy_new_filler_rubber_now,"Reuse/restore metal filler neck/cap if sound; buy new sample-matched main fuel fill hose, fuel-rated vent hose, and smooth-band fuel clamps; sender seal and tank strap pads remain by condition/measurement","Order rubber parts by the removed sample: filler neck OD, tank neck OD, main hose ID/free length/bend, vent nipple OD/ID, cap seal/gasket condition, clamp size, tank/body clearance, sender flange OD, bolt hole PCD/count, strap width, tank contact length, and pad thickness. Reference main hose: 9/1972-12/1978 J40 FJ40/FJ45/BJ40 fuel fill hose, OEM 77217-60014, NBR.","Fuel-rated NBR main fuel fill hose and fuel-rated vent hose; NBR/FKM fuel-safe seals; rolled-edge or smooth-band fuel clamps; fuel-resistant NBR/FKM for sender seal; EPDM/SBR anti-chafe strip acceptable for external tank strap pads if not fuel-wetted","Measure removed filler neck OD, tank neck OD, main hose ID/free length/bend, vent nipple OD/ID, cap seal, clamp OD range, sender flange, bolt pattern, strap width, and pad length/thickness","User clarified metal filler neck/cap appears OK/restorable; buy rubber only. Do not reuse aged filler hose or buy generic coolant/vacuum hose.",rubbers_exact_online row 16; rubbers_kit_buy row 8; parts rows 200-201; user_update_2026-06-19_fuel_filler_purchase_decision,data/manual/workbook_tabs/rubbers_exact_online.csv; data/manual/workbook_tabs/parts.csv; data/manual/expenses.csv,"Do not use foam where it will trap water against the tank or strap. Reject used rubber, cracked NOS hose, non-fuel-rated hose, sharp perforated clamps, or any cap seal that cannot seal safely."
RUB-013,P1_INSPECT,Heater hose set,cooling,CONDITIONAL,buy_if_aged_or_replumbing,"All heater feed/return hoses plus clamps if the current hoses are hard, cracked, swollen, or routed incorrectly","Order by inside diameter, total length, bend radius, firewall/heater valve orientation, and clamp size. Use molded hoses where tight bends would kink straight hose.","EPDM coolant/heater hose, SAE J20-type or OEM-equivalent; coolant-rated clamps","Measure heater pipe OD, engine outlet OD, hose ID, run length, bend radius, and clamp size","Buy after engine family, heater box, and valve routing are confirmed","rubbers_exact_online row 13; rubbers_kit_buy row 9; parts rows 26, 207",data/manual/workbook_tabs/rubbers_exact_online.csv; data/manual/workbook_tabs/parts.csv,Not generic water hose; coolant heat and pressure rating matters.
RUB-014,P1_INSPECT,Radiator coolant hoses thermostat gasket and radiator mount pads,cooling,CONDITIONAL,buy_if_aged_or_cracked,"Upper/lower radiator hoses, bypass/short coolant hoses, thermostat gasket, and radiator support pads if aged or missing","Order molded coolant hoses by engine/year/radiator outlet geometry or by exact ID/shape if local. Radiator pads are ordered/cut by support width, pad thickness, and bolt-hole/slot pattern.",EPDM coolant hose; coolant-compatible thermostat gasket; EPDM/SBR radiator pad strip not in coolant contact,"Measure outlet/inlet OD, hose path, bend clearance, radiator pad thickness/width, mounting hole spacing, and engine/radiator variant","Buy after radiator, engine, and support are trial-positioned","rubbers_exact_online row 14; rubbers_kit_buy row 9; parts rows 28, 30, 206, 210",data/manual/workbook_tabs/rubbers_exact_online.csv; data/manual/workbook_tabs/parts.csv,"Radiator pads can be cut locally, but coolant hoses must be coolant-rated."
RUB-015,P2_INSPECT,Reservoir hoses caps and small coolant seals,cooling,CONDITIONAL,buy_if_aged,"Reservoir cap, overflow hose, small seals, and O-rings found hard or cracked","Order by hose ID, cap diameter/pressure if applicable, seal cross-section, and fluid exposure.",EPDM for coolant/overflow; coolant-compatible cap seals; avoid fuel hose if not needed,"Measure hose ID/length, cap neck OD, seal ID/OD/cross-section",Buy as part of cooling refresh if existing small rubber is aged,rubbers_exact_online row 15; parts row 194,data/manual/workbook_tabs/rubbers_exact_online.csv; data/manual/workbook_tabs/parts.csv,"Small parts, but easy to miss during coolant fill."
RUB-016,P1_INSPECT,Vacuum hose refresh kit,engine_controls,CONDITIONAL,buy_by_function_and_diameter,"Only cracked, oil-softened, collapsed, or missing vacuum hoses; include reinforced brake booster hose if present and aged","Order by inside diameter, wall stiffness, vacuum function, oil mist exposure, heat exposure, and check-valve/end fitting size. Brake booster hose must be reinforced and vacuum-rated.",Vacuum-rated EPDM/NBR/silicone as appropriate; reinforced vacuum hose for booster; oil-resistant hose where crankcase/oil mist exposure exists,"Measure each hose ID, length, barb OD, bend radius, and vacuum function label",Do not replace with soft washer hose or thin generic rubber that can collapse,parts row 31,data/manual/workbook_tabs/parts.csv,Not listed in rubbers_exact_online but present in the parts list and should be specified.
RUB-017,P2_DEFER,Floor plugs drain plugs and body hole plugs,body_sealing,LATER,buy_after_body_work,Assorted body plugs by actual floor/body holes that remain after repair and paint,"Order by hole OD, panel thickness, plug head OD, underside clearance, and whether the plug must be removable.",EPDM body plug rubber; oil-resistant NBR only where oil exposure exists,Measure every final hole after welding/body repair; confirm panel thickness after primer/paint,Defer until body metalwork and coating are finished,parts row 173 or floor plug/drain plug rows in parts list,data/manual/workbook_tabs/parts.csv,Easy to order too early because holes may change during repair.
RUB-018,P2_DEFER,Door weatherstrip set,body_weatherstrip,LATER,buy_model_specific_after_body_fit,Complete door weatherstrip set only after door type and body fit are confirmed,"Order by exact J40 body, door type, year/market, ambulance/regular door style, and seal profile. Prefer a matched kit from one maker for both sides.",EPDM automotive weatherstrip extrusion with correct profile and corners,"Confirm door type, hinge/striker fit, aperture repairs, seal channel condition, and paint stage","Defer until after body alignment, door gap work, and paint/primer plan are stable",rubbers_exact_online row 17; rubbers_kit_buy row 10; parts row 171,data/manual/workbook_tabs/rubbers_exact_online.csv; data/manual/workbook_tabs/rubbers_kit_buy.csv,Not needed for chassis/tub refit; large cost driver.
RUB-019,P2_DEFER,Windscreen rubber and base seal,body_weatherstrip,LATER,buy_model_specific_at_glass_stage,Windscreen frame/glass seal and base seal only when glass and frame condition are known,"Order by windscreen frame type, glass thickness, body year, seal profile, and whether trim/locking strip is used.",EPDM glass/weatherstrip rubber matched to the windscreen profile,"Confirm glass/frame condition, glass thickness, frame repair, and sealing channel after paint",Defer until glass stage,rubbers_exact_online row 18; rubbers_kit_buy row 10; parts row 172,data/manual/workbook_tabs/rubbers_exact_online.csv; data/manual/workbook_tabs/rubbers_kit_buy.csv,Avoid storing folded glass seals for long periods before installation.
RUB-020,P2_DEFER,Vent flap cowl and fresh-air seals,body_weatherstrip,LATER,buy_model_specific_after_body_fit,Vent window/flap/cowl seals as required by the exact body configuration,"Order by vent/flap type, hinge/latch design, seal channel profile, and repaired opening dimensions.",EPDM weatherstrip or sponge-rubber profile matching the original compression seal,"Confirm vent/flap hardware, channel condition, and final opening dimensions after body repair",Defer until body finish and hardware mock-up,rubbers_exact_online row 19; rubbers_kit_buy row 10; parts row 173,data/manual/workbook_tabs/rubbers_exact_online.csv; data/manual/workbook_tabs/rubbers_kit_buy.csv,Variant risk is high; buy too early only if an exact kit is confirmed.
RUB-021,P2_DEFER,Window rubbers channels and sliding-window seals,body_weatherstrip,LATER,buy_after_window_hardware_audit,"Window run channels, sliding-window rubbers, glazing seals, and related body/weather seals after hardware audit","Order by window type, channel width, glass thickness, frame profile, and body style. Keep left/right and front/rear pieces matched as a kit where possible.",EPDM glazing/weatherstrip material; flocked run channel where the original uses it,"Confirm window hardware inventory, glass thickness, channel profile, and final painted openings",Defer until body and window hardware are ready for assembly,parts rows 119-120; rubbers_kit_buy row 10,data/manual/workbook_tabs/parts.csv; data/manual/workbook_tabs/rubbers_kit_buy.csv,This catches window rubber rows that are separate from door/windscreen summary rows.
RUB-022,P2_INSPECT,Exhaust hanger rubbers and exhaust cushion cross-check,exhaust,LATER_OR_CONDITIONAL,buy_by_dimension_if_cracked_or_missing,"Only cracked, missing, stretched, noisy, or heat-damaged exhaust hangers/cushions; count every exhaust support point only after the exhaust is hung in final position","Order by pin diameter, hole spacing, hanger thickness, load rating, exhaust movement clearance, and bracket style. Toyota EPC-style FJ40 exhaust group shows muffler/front cushion, front/rear exhaust tail-pipe brackets, clamps, and bolt/ring hardware. Genuine Toyota 90917-08004 is a front exhaust/tail-pipe cushion reference that replaces 17572-92000 on early FJ40/FJ55 listings; treat it as a shape/part-family lead, not an automatic fitment release for this vehicle.",Automotive exhaust hanger rubber or heat/vibration-resistant EPDM/exhaust compound; use bonded/rubber-metal type only if the original bracket requires it,"Measure every hanger pin OD, hole/slot spacing, rubber thickness, bracket offset, exhaust-to-body/frame clearance, heat shield clearance, and movement at engine torque/idle. Photograph front pipe, muffler, and tail-pipe support points before purchase.",Buy during final exhaust alignment only; do not send to Longman unless an old/genuine sample or accurate tracing is available. Current Longman EXH-HGR-90917 remains optional hold-only.,rubbers_exact_online row 20; rubbers_kit_buy row 11; parts row 214; Toyota EPC exhaust pipe group 1702; ToyotaPartsDeal 90917-08004; Cruiser Corps exhaust pipe cushion references,data/manual/workbook_tabs/rubbers_exact_online.csv; data/manual/workbook_tabs/rubbers_kit_buy.csv; data/manual/longman_rubber_order_specs.csv,"The exhaust pipe rubber items are real, but they are final-fit items. Do not guess quantity or order universal hangers until the actual exhaust route and brackets are installed."
RUB-023,P2_DEFER,Pedal rubbers,interior_controls,LATER,buy_by_pedal_profile,Brake/clutch pedal pads and accelerator rubber if worn or missing,"Order by pedal arm/pad plate width, height, retaining lip style, and surface pattern.",Molded pedal rubber with firm retaining lip; oil-resistant enough for cabin use,Measure pedal plate width/height/thickness and retaining-lip shape,Defer until cabin controls are being assembled,rubbers_exact_online row 22; rubbers_kit_buy row 11; parts row 223,data/manual/workbook_tabs/rubbers_exact_online.csv; data/manual/workbook_tabs/rubbers_kit_buy.csv,Low urgency; verify pedal plate style before ordering.
RUB-024,P1_NOW,Air-conditioning barrier hoses drain hoses and O-rings,hvac,YES,buy_after_hvac_layout,"Required A/C barrier hose, evaporator drain hose, and O-ring set for the hidden evaporator/compressor/condenser layout","Order A/C hose by refrigerant type, hose size, fitting orientation, crimp style, and routed length. Order drain hose by outlet OD and fall path. Order O-rings by fitting size and refrigerant compatibility.",R134a-compatible barrier hose and crimp fittings; HNBR A/C O-rings; EPDM/PVC drain hose as appropriate,"Measure compressor/condenser/receiver-drier/evaporator fitting sizes, hose route lengths, fitting angles, drain outlet OD, and grommet/bulkhead locations",Required for current hidden HVAC refit; do not crimp final hose lengths until component layout is locked,"rubbers_exact_online row 21; rubbers_kit_buy row 12; parts rows 182, 183, 234, 235, 239, 243; expenses part_hvac_barrier_hose_fittings_20260514 and part_hvac_evaporator_drain_mount_kit_20260514",data/manual/workbook_tabs/rubbers_exact_online.csv; data/manual/workbook_tabs/rubbers_kit_buy.csv; data/manual/expenses.csv,Final hose fabrication depends on component placement but the row is no longer optional after aftermarket A/C removal.
RUB-025,P1_NOW,HVAC duct and defrost hose kit,hvac,YES,buy_after_dash_hvac_mockup,Required hidden-evaporator outlet ducting and defrost/vent hoses such as 2.5 in / 63.5 mm ID ducting if confirmed by the dash and selected HVAC box,"Order by inside diameter, length, bend radius, outlet OD, clamp/retainer style, and temperature/moisture exposure.",Flexible duct hose rated for cabin heat/moisture; avoid brittle thin hose,"Measure evaporator/defrost outlet OD, dash vent OD, required length, and clearance after dash mock-up","Required for current hidden HVAC refit; final duct size waits for evaporator, dash, and vent positions","parts rows 215-216, 220; expenses part_hvac_duct_defrost_hose_kit_20260514",data/manual/workbook_tabs/parts.csv; data/manual/expenses.csv,Separate from A/C refrigerant hoses; this is air ducting for the hidden unit.
RUB-026,P1_INSPECT,Bump stops,suspension_ironman,CONDITIONAL,fabricate_by_vehicle_bracket_measurement,"Front/rear bump stops if missing, cracked, oil-soaked, too decayed to copy, or too short/tall after Ironman ride-height check","Use docs/bump-stop-fabrication-spec-20260504.md. May 31 usable photos control construction: broad rounded/tapered rubber body on a metal backing/fixture with two exposed mounting ears and a flat strike area. Photo-derived nominal dimensions are 70 mm long-family sample height, 110 mm metal fixture length, 65 mm molded-rubber span along the mounting-hole axis, and 90 mm metal-ear hole pitch. These are identification and first-fit values to roughly the nearest 5 mm, not manufacturing tolerances. Rear/back stops use the same family made longer. Long stop 48304-60010 positions remain 70 mm free height unless vehicle testing says otherwise; short right-front 48304-60020 remains 60 mm. Exclude unrelated laptop image 20260531_171833_gp_Vw96I7Mg.",New NR/SBR automotive bump-stop rubber Shore A 70 +/-5 with sample-proven fixture/insert retention where present; matched rear pair; do not mix left/right heights,"Directly measure metal-ear hole diameter, internally threaded holder size/pitch, metal fixture width/thickness/channel, cleaned bracket fit, strike-pad X/Y offset, loaded gap G and full-bump limiting clearance F at each station; confirm bolt engagement and non-bottoming. Do not infer fastener grade from yellow zinc colour.","Inspect after Ironman kit is received and ride-height plan is known; use the photo nominals for identification and first-article screening only, then release manufacture and installation from direct measurements and vehicle testing.",parts row 148; suspension Ironman workstream; bump-stop fabrication spec,data/manual/workbook_tabs/parts.csv; docs/bilal-ganj-detailed-size-specs.md; docs/bump-stop-fabrication-spec-20260504.md; data/manual/bump_stop_fabrication_specs.csv,Do not buy universal stops or 70 mm right-front aftermarket stops until suspension height and axle travel are understood.
RUB-027,P1_INSPECT,Engine air-cleaner intake duct and rubber couplers,engine_air_intake,CONDITIONAL,sample_match_or_fabricate_if_cracked,1 intake duct/coupler set only if the existing duct is cracked hard oil-softened missing or loose,"Order or fabricate by air-cleaner outlet OD, intake/manifold inlet OD, free length, bend/offset, accordion/compression movement, clamp OD, and any branch/nipple OD. Use the old sample if the part is corrugated or molded.",Oil-mist-resistant intake duct rubber or reinforced air duct hose; NBR/EPDM blend or equivalent; do not substitute coolant hose fuel hose or thin HVAC duct,"Measure air cleaner outlet OD, intake inlet OD, old duct free length, installed offset, bend radius, clamp OD, wall condition, and any breather branch size","Inspect first; buy only if the visible duct is perished, incorrectly sized, or will not seal under engine movement",engine bay audit 2026-05-03; no appropriate fitted air-cleaner/intake-duct photo assigned yet,docs/rubber-hose-component-readiness-audit-20260503.md; docs/engine-hose-tube-replacement-specs.md,Tracked separately from coolant/fuel/vacuum hoses; capture a direct air-cleaner-to-intake route photo before final sample-match.
RUB-028,P0_NOW,Formed coolant pipe rubber connector/coupler hoses,cooling,YES,direct_stock_buy_then_sample_cut,2 connector hoses for the formed coolant pipe assembly,"Use replacement-pipe order lines RPO-COOL-006A and RPO-COOL-006B. Direct-buy released: order 2 x 500 mm EPDM radiator/coolant connector blanks, 28-30 mm ID exact order basis. Trim each connector shorter from the old coupler/sample during dry-fit; use molded connectors only if straight hose kinks.",EPDM coolant hose SAE J20R3/J20R4 or molded coolant equivalent; smooth-band or constant-tension clamps,"No pre-order measurement hold remains for stock purchase. During dry-fit record finished cut length, hose overlap, clamp band placement, kink clearance, and heat/chafe exposure in mm.",Stock order released now; do not install without old coupler/sample and formed pipe dry-fit; do not use straight hose if it kinks or cannot maintain safe overlap on the beaded pipe/spigot.,RP-COOL-006; RPO-COOL-006A; RPO-COOL-006B,data/manual/replacement_pipe_order_release_specs.csv; data/manual/replacement_pipe_circuit_closure_sheet.csv; docs/rubber-hose-component-readiness-audit-20260503.md,"Added after May 2 pipe photos showed rubber couplers on the fabricated pipe assembly; stock order is now exact, with only final trim controlled at dry-fit."
RUB-029,P2_DEFER,Hardtop-to-tub roof and upper side panel weatherstrip package,body_weatherstrip,LATER,buy_model_specific_after_hardtop_body_fit,Hardtop-to-tub weatherstrip LH/RH if the 1973-1984 style is fitted or retrofit-approved; upper side panel packing set of 2; roof weatherstrip/roof drip moulding packing; front roof weatherstrip; roof drip moulding spacer pair and clips if missing,Order by final body/hardtop configuration. Reference leads: hardtop-to-tub weatherstrip equivalent to OEM 61688-90308 LH and 61687-90308 RH for 1973-1984 FJ40; upper side panel packing OEM 61534-60011 set of 2 fits all years and is the only factory hardtop/tub seal on pre-1973 trucks; front roof weatherstrip equivalent 63161-60011 for 1966-1984 FJ40/FJ45; roof weatherstrip/roof drip moulding packing equivalent 63168-90307; roof drip moulding spacers equivalent 63167-90302 and 63168-90302 with 3 clips per spacer.,EPDM automotive weatherstrip or OEM-equivalent molded rubber; use correct clip-retained spacer material where specified; avoid absorbent foam substitutes where they trap moisture,"Confirm exact body year/configuration, hardtop present and final fitted, SWB vs long body, tub rail condition, roof drip moulding condition, windshield frame/top seal condition, seal channel widths, clip holes, required cut length, corner joints, and whether hardtop-to-tub weatherstrip is factory-correct or retrofit.",Defer until tub side rails hardtop roof panels windshield frame and rear body are repaired aligned and trial-fitted.,City Racer FJ40 weatherstripping guide; City Racer hardtop-to-tub weatherstrip; City Racer upper side panel packing; City Racer front roof weatherstrip; City Racer roof weatherstrip; City Racer roof drip moulding spacers; FJ Depot 63168-90307 reference,docs/rubber-ordering-spec-20260502.md; docs/rubber-hose-component-readiness-audit-20260503.md,"This closes the hardtop/roof sealing gap. Keep separate from door/glass seals because hardtop, roof, tub rail, and windshield-frame fit control it."
RUB-030,P2_DEFER,Bonnet front bib apron and hood cushion rubber set,body_weatherstrip,LATER,buy_after_front_clip_bonnet_fit,4 front bib-to-bonnet seals plus 2 upper apron-to-bonnet seals if the late-style provisions are present or retrofit-approved; hood/bonnet cushion set if missing or hardened,Order by front clip and bonnet geometry. Reference lead: Terrain Tamer/Mr Landcruiser bonnet bush kit for 40 Series includes 4 front bib-to-bonnet seals and 2 upper apron-to-bonnet seals. All 6 suit 1974-1984 40 Series; pre-1974 vehicles can use the front bib-to-bonnet seals but usually lack upper-apron provisions unless a non-destructive retrofit is approved. City Racer also lists hood cushion set of 4 as a related FJ40 soft part.,EPDM or OEM-equivalent bonnet/hood bump rubber with enough compression set resistance to hold bonnet alignment without paint damage,"Confirm bonnet, front bib, upper apron, and cowl are trial-aligned; count existing holes/provisions; measure post/hole diameter, installed height, free height, compression gap, footprint, and contact marks. Check whether pre-1974-style panels should avoid drilling.",Defer until front clip and bonnet gaps are set; do not drill new apron holes just to use a later-style seal without explicit fit decision.,Mr Landcruiser bonnet bush kit for 40 Series; City Racer hood cushion reference,docs/rubber-ordering-spec-20260502.md; docs/rubber-hose-component-readiness-audit-20260503.md,This row captures small bonnet/front apron rubbers that are easy to miss because they are not part of the door/glass weatherstrip kit.
RUB-031,P2_DEFER,Rear ambulance barn door weatherstrips glass seals and spacers,body_weatherstrip,LATER,buy_by_rear_door_configuration_after_body_fit,"If rear ambulance/barn doors are fitted: LH/RH rear door aperture weatherstrips, rear ambulance-door glass seals, and LH/RH back door spacers; if hatch/tailgate is fitted, use the correct hatch-specific equivalents instead","Order by exact rear closure type and year split. Reference leads: JTOutfitters 75-84 FJ40 kit includes two front door weatherstrips and two rear ambulance door weatherstrips with Toyota references 67862-90300, 67861-90300, and 68291-90301 for rear door weatherstrips; City Racer guide separates rear ambulance door weatherstrips by 1974-1978 and 1979-1984; City Racer back door spacers reproduce 68296-90300 LH and 68295-90300 RH and also substitute earlier 68294-90301; Mr Landcruiser SWB kit includes 2 barn door seals and 2 rear barn door glass seals.",Closed-cell foam weatherstrip where factory style uses it; EPDM/molded glass rubber for glass seals; weatherstrip adhesive only where the profile is designed for adhesive installation,"Confirm rear door type, year split, 3-side vs full-surround seal, left/right door geometry, hinge/latch fit, glass thickness, glass channel profile, spacer pocket/clip details, aperture repairs, and final paint stage.",Defer until rear doors and rear body aperture are aligned; do not buy generic door seal by length only.,JTOutfitters WSK1 75-84 front and ambulance doors; City Racer weatherstripping guide; City Racer back door spacers; Mr Landcruiser SWB 75-80 rubber seal kit,docs/rubber-ordering-spec-20260502.md; docs/rubber-hose-component-readiness-audit-20260503.md,This splits rear closure seals out of the generic door row so barn/ambulance glass seals and spacers are not missed.
RUB-032,P2_DEFER,Detailed door window channel belt quarter side and sliding-window rubber checklist,body_weatherstrip,LATER,buy_after_window_hardware_audit,"By final body/window configuration: front door glass run/bailey channels, lower runs, inner and outer door belts/felts, vent/quarter window seals, side window seals, corner window seals, sliding-window inner seals/run channels/center dividers/outer weatherstrips, door top bow packings, front door packings, front pillar spacers, and back door spacers where applicable","Order only after the window hardware audit identifies the actual configuration. Reference leads: City Racer weatherstripping guide breaks FJ40 weatherstrip by front door weatherstrips, front door glass run, inner/outer felt, vent window weatherstrip, side window weatherstrip, corner window weatherstrip, back door/rear hatch glass, roof weatherstrip, packings/spacers, and sliding-window special applications. Mr Landcruiser SWB 75-80 kit includes 2 bailey channel kits, LHR/RHR sliding dual bailey channels, 4 stainless-edged inner/outer door belts, 2 front quarter window seals, 2 side glass seals, and related door/glass seals. City Racer sliding-window kit includes inner seal, side-specific glass run channels, and center divider weatherstrip, with outer weatherstrip separate.",EPDM glazing/weatherstrip rubber; flocked rubber channel where the glass run requires it; stainless-edged belt strips where the kit uses them; use matched left/right profiles rather than mixed universal extrusion,"Confirm door type, vent window or full glass, front quarter/kick-out/sliding-window configuration, glass thickness, channel width/depth, regulator condition, frame profile, belt strip length/clip pattern, corner-window style, rear closure type, and painted aperture dimensions.",Defer until body alignment paint plan and complete window hardware inventory are stable.,City Racer FJ40 weatherstripping guide; City Racer sliding window weatherstrip kit; City Racer weatherstripping collection; Mr Landcruiser SWB 75-80 rubber seal kit,docs/rubber-ordering-spec-20260502.md; docs/rubber-hose-component-readiness-audit-20260503.md,"This is the detailed checklist behind the older broad RUB-018/RUB-021 rows. It prevents a master weatherstrip kit from masking missing channels, belts, packings, spacers, and sliding-window sub-pieces."
