id,measurement,nominal_or_intent,required_evidence,status
M1,fit centre fascia and establish vehicle opening/relief while protecting original speedometer pressing and glovebox,fascia 410 x 148 R6; HOLD envelope 374 x 124 at x18/y12; final opening may need vent-neck scallops,"1:1 template on vehicle, front/rear ruler photos, signed cut line and vent-neck trial",HOLD vehicle cut
M2,"LCD active area, front aperture and bezel",true 9-inch 16:9 active 199.2 x 112.1; aperture 202 x 115; bezel envelope 218 x 128,manufacturer mechanical drawing plus caliper check,HOLD
M3,"LCD rear body, mount centres, depth, connectors and removal path",supplier-specific; rear clamp drawing is reference only,"rear rubbing, depth gauge, plug trial and cabin-side removal trial",HOLD
M4,"seven bought industrial selectors plus red hazard bush, anti-rotation and contact-block stacks",selectors Ø22.3 nominal; hazard Ø16 reference; 3 x 3-position + 4 x 2-position,measure every bought control and record front flange/rear stack,HOLD
M5,right-side 4 x 2 bank location and envelope,190 x 88 reference; x=24/71/118/165 and y=64/24; pitch 47 x 40,"1:1 bank template fitted right of speedometer with rear-stack, steering and sight-line checks",HOLD
M6,"all four vent faces, cutouts, retainers, neck OD and rear depth",satin-silver face Ø82 maximum; cutout Ø66 reference; neck target Ø63.5; flush to +0.5,"caliper record for all four vents, installed retainer trial and four position templates",HOLD
M7,"four HVAC hose routes, plenum branches, bend radii and service access","no crushed hose or interference with glovebox, instruments, steering or wiring","full rear mock-up, blower-flow trial and photos from behind dash",HOLD
M8,complete dashboard 1:1 prototype and operational clearances,original glovebox/speedometer unchanged; no unnecessary downward extension,"signed physical fit with glovebox, instruments, steering, gear lever, sight line and service-removal sweep",HOLD
M9,"labels, continuity, relay mapping and live functional tests",seven selector assignments plus separate hazard exactly as scheduled,"continuity sheet, fused relay map, wiper park, lights, HVAC interlock, fuel-stop and hazard tests",HOLD
